id,media_type,cdn_url,duration,time_added
1,video,https://scontent-iad3-1.cdninstagram.com/o1/v/t2/f2/m78/AQOZ-18PohZuhzKEMidxbh5ymkCV6zvcxA_cBwsHuy8sMN363jfYTbWntLzygJvWDM3QhozTdJ38g3y3imvkXfOP5PiV471q2Wl5ays.mp4?_nc_cat=109&_nc_sid=5e9851&_nc_ht=scontent-iad3-1.cdninstagram.com&_nc_ohc=VqTqQTTxn1QQ7kNvwFOgZXv&efg=eyJ2ZW5jb2RlX3RhZyI6Inhwdl9wcm9ncmVzc2l2ZS5JTlNUQUdSQU0uU1RPUlkuQzMuNzIwLmRhc2hfYmFzZWxpbmVfMV92MSIsInhwdl9hc3NldF9pZCI6NDE4MDcxMjg3ODg1MzAyNSwidmlfdXNlY2FzZV9pZCI6MTAxMDAsImR1cmF0aW9uX3MiOjEwLCJ1cmxnZW5fc291cmNlIjoid3d3In0%3D&ccb=17-1&vs=e59a82a921b33e7&_nc_vs=HBksFQIYUWlnX3hwdl9wbGFjZW1lbnRfcGVybWFuZW50X3YyLzU2NDk2NjFGNTNFMDM2RkM3NkRCMEFCMjRFRjZGMDgzX3ZpZGVvX2Rhc2hpbml0Lm1wNBUAAsgBEgAVAhg6cGFzc3Rocm91Z2hfZXZlcnN0b3JlL0dDTV9FeC13eTZxd0tkTURBR1NiWmtkejZ0b3FicGt3QUFBRhUCAsgBEgAoABgAGwKIB3VzZV9vaWwBMRJwcm9ncmVzc2l2ZV9yZWNpcGUBMRUAACbCruqgwpXtDhUCKAJDMywXQCQqfvnbItEYEmRhc2hfYmFzZWxpbmVfMV92MREAdegHZeidAQA&_nc_zt=28&oh=00_AfVX9Ae0pFOT3wIZ4xpW6MCZYOf6uGNTlBQ31VEKV1t0kg&oe=6895355E,11,1 week ago
2,video,https://scontent-iad3-1.cdninstagram.com/o1/v/t2/f2/m78/AQPCPg3OPK_6xgAGsO1W6q3wO3dFdBNTQ5GTqA3VsPLtvzuSKAV64F35S0C8TL5ShLSAREqWxIsTTNBmeZR2YUrByqSBOEc2DEUaLTE.mp4?_nc_cat=102&_nc_sid=5e9851&_nc_ht=scontent-iad3-1.cdninstagram.com&_nc_ohc=30akALVCO4YQ7kNvwGJlBqq&efg=eyJ2ZW5jb2RlX3RhZyI6Inhwdl9wcm9ncmVzc2l2ZS5JTlNUQUdSQU0uU1RPUlkuQzMuNzIwLmRhc2hfYmFzZWxpbmVfMV92MSIsInhwdl9hc3NldF9pZCI6MTMxNDQzMjcyNDAxODE4MCwidmlfdXNlY2FzZV9pZCI6MTAxMDAsImR1cmF0aW9uX3MiOjYsInVybGdlbl9zb3VyY2UiOiJ3d3cifQ%3D%3D&ccb=17-1&vs=e96f62f1b4b57259&_nc_vs=HBksFQIYUWlnX3hwdl9wbGFjZW1lbnRfcGVybWFuZW50X3YyLzdDNDlGOTg2MzEyNjZDODkyNUU0N0QyRTY5ODA1Qzk5X3ZpZGVvX2Rhc2hpbml0Lm1wNBUAAsgBEgAVAhg6cGFzc3Rocm91Z2hfZXZlcnN0b3JlL0dPaEZRUi1GczdfanhLZ0NBQjBOemI2XzhhSWRicGt3QUFBRhUCAsgBEgAoABgAGwKIB3VzZV9vaWwBMRJwcm9ncmVzc2l2ZV9yZWNpcGUBMRUAACaIkMX5ht7VBBUCKAJDMywXQBmAAAAAAAAYEmRhc2hfYmFzZWxpbmVfMV92MREAdegHZeidAQA&_nc_zt=28&oh=00_AfUZpWFXmb-7TdYb89-S1qdWHYsd2GVzEeHvfBOh8O-5YQ&oe=68954233,7,1 week ago
3,video,https://scontent-iad3-2.cdninstagram.com/o1/v/t2/f2/m78/AQOlbdX3sl4PTWJPvA6bO4yptFl3hZRbN-ACxw96lUHopbXUI4zTjcEGNgq6aj74MnzE7JbEiMoecbqGJbaPPuNcezc_Sj3-euC0Ciw.mp4?_nc_cat=106&_nc_sid=5e9851&_nc_ht=scontent-iad3-2.cdninstagram.com&_nc_ohc=LnmC-tfHE4YQ7kNvwHquSer&efg=eyJ2ZW5jb2RlX3RhZyI6Inhwdl9wcm9ncmVzc2l2ZS5JTlNUQUdSQU0uU1RPUlkuQzMuNzIwLmRhc2hfYmFzZWxpbmVfMV92MSIsInhwdl9hc3NldF9pZCI6MjExNzg4OTcwMTk1NTY1MywidmlfdXNlY2FzZV9pZCI6MTAxMDAsImR1cmF0aW9uX3MiOjE3LCJ1cmxnZW5fc291cmNlIjoid3d3In0%3D&ccb=17-1&vs=bb604c52751c2d2e&_nc_vs=HBksFQIYUWlnX3hwdl9wbGFjZW1lbnRfcGVybWFuZW50X3YyLzUxNDBFRTc2QzY2MUY2MDQxN0I1NzI2N0YxRkIyQzlDX3ZpZGVvX2Rhc2hpbml0Lm1wNBUAAsgBEgAVAhg6cGFzc3Rocm91Z2hfZXZlcnN0b3JlL0dBRHVRUl9CSUs1OTF6SUZBTmoxMnNCUTBrWUdicGt3QUFBRhUCAsgBEgAoABgAGwKIB3VzZV9vaWwBMRJwcm9ncmVzc2l2ZV9yZWNpcGUBMRUAACaKod71s43DBxUCKAJDMywXQDFqfvnbItEYEmRhc2hfYmFzZWxpbmVfMV92MREAdegHZeidAQA&_nc_gid=h2KCs9Kai5lSsQUSTRsULw&_nc_zt=28&oh=00_AfVYVMBJmPDPoL0WvehPzLjxQOPsn3EC5TkYzRwo0jxtWA&oe=6895410F,18,1 week ago
4,image,https://scontent-iad3-2.cdninstagram.com/v/t51.2885-15/524306681_18017106248756196_5437385649564113531_n.jpg?stp=dst-jpg_e35_tt6&efg=eyJ2ZW5jb2RlX3RhZyI6IlNUT1JZLmltYWdlX3VybGdlbi4xMTI1eDIwMDAuc2RyLmY4Mjc4Ny5kZWZhdWx0X2ltYWdlLmMyIn0&_nc_ht=scontent-iad3-2.cdninstagram.com&_nc_cat=100&_nc_oc=Q6cZ2QEayO9GXvsdg6Z3FML7ktngaEV9F1rLa-evLxhkrvctKlr74eN8jlwovCN69i9STP4&_nc_ohc=OK8E72pDgD8Q7kNvwGt7phw&_nc_gid=h2KCs9Kai5lSsQUSTRsULw&edm=ANmP7GQBAAAA&ccb=7-5&ig_cache_key=MzY4MzgxNzQyNDQ2NTA0MDcyMg%3D%3D.3-ccb7-5&oh=00_AfVfmY1SQMvyeQoE9wLAx6rfrv-U3JZDZ6mKIfp8NAP2pg&oe=68993CDD&_nc_sid=982cc7,0,1 week ago
5,image,https://scontent-iad3-2.cdninstagram.com/v/t51.2885-15/524306681_18017106248756196_5437385649564113531_n.jpg?stp=dst-jpg_e35_tt6&efg=eyJ2ZW5jb2RlX3RhZyI6IlNUT1JZLmltYWdlX3VybGdlbi4xMTI1eDIwMDAuc2RyLmY4Mjc4Ny5kZWZhdWx0X2ltYWdlLmMyIn0&_nc_ht=scontent-iad3-2.cdninstagram.com&_nc_cat=100&_nc_oc=Q6cZ2QEayO9GXvsdg6Z3FML7ktngaEV9F1rLa-evLxhkrvctKlr74eN8jlwovCN69i9STP4&_nc_ohc=OK8E72pDgD8Q7kNvwGt7phw&_nc_gid=h2KCs9Kai5lSsQUSTRsULw&edm=ANmP7GQBAAAA&ccb=7-5&ig_cache_key=MzY4MzgxNzQyNDQ2NTA0MDcyMg%3D%3D.3-ccb7-5&oh=00_AfVfmY1SQMvyeQoE9wLAx6rfrv-U3JZDZ6mKIfp8NAP2pg&oe=68993CDD&_nc_sid=982cc7&dl=1,0,1 week ago
6,video,https://scontent-iad3-1.cdninstagram.com/o1/v/t2/f2/m78/AQNft7h-iYYjGl41lt2M1N7iLqNQ_j6CnWsIO0WzbAOX6Kn9ty9lbQUTIYrmCdBmMmrNcOS-pNBzai_d47zEccwAGZGcyH51-EOTWpM.mp4?_nc_cat=102&_nc_sid=5e9851&_nc_ht=scontent-iad3-1.cdninstagram.com&_nc_ohc=-452_NcNuwYQ7kNvwECgjTb&efg=eyJ2ZW5jb2RlX3RhZyI6Inhwdl9wcm9ncmVzc2l2ZS5JTlNUQUdSQU0uU1RPUlkuQzMuNzIwLmRhc2hfYmFzZWxpbmVfMV92MSIsInhwdl9hc3NldF9pZCI6NzcyODg1MzAxODI2MTg3LCJ2aV91c2VjYXNlX2lkIjoxMDEwMCwiZHVyYXRpb25fcyI6MTMsInVybGdlbl9zb3VyY2UiOiJ3d3cifQ%3D%3D&ccb=17-1&vs=9b45acc3e3574663&_nc_vs=HBksFQIYUWlnX3hwdl9wbGFjZW1lbnRfcGVybWFuZW50X3YyLzU2NDIwRkJCQkIzNjYxOUZGNUQxQUVENjA3NjMzMUJDX3ZpZGVvX2Rhc2hpbml0Lm1wNBUAAsgBEgAVAhg6cGFzc3Rocm91Z2hfZXZlcnN0b3JlL0dORmZIUl94VWs0V0ZjY0RBR1I4YndVeUt4Wm9icGt3QUFBRhUCAsgBEgAoABgAGwKIB3VzZV9vaWwBMRJwcm9ncmVzc2l2ZV9yZWNpcGUBMRUAACaWyvCd7LvfAhUCKAJDMywXQCpmZmZmZmYYEmRhc2hfYmFzZWxpbmVfMV92MREAdegHZeidAQA&_nc_zt=28&oh=00_AfVjQ42WqS6lRQ8TvdjIm--hT-dZ_7PDN1KD_w5fFtL7wg&oe=68952063,14,1 week ago
7,video,https://scontent-iad3-1.cdninstagram.com/o1/v/t2/f2/m78/AQMyHxeo2x9lVIq5xq-cvPHicOBc3S6rgLDVSufUhvijFAZKDV3Zx-TDQmv9EBul2sIQEp1c33voBflhOoBrHT327B5KkuhXR6mVVrs.mp4?_nc_cat=107&_nc_sid=5e9851&_nc_ht=scontent-iad3-1.cdninstagram.com&_nc_ohc=yBshJDRvvlgQ7kNvwHR8Wi4&efg=eyJ2ZW5jb2RlX3RhZyI6Inhwdl9wcm9ncmVzc2l2ZS5JTlNUQUdSQU0uU1RPUlkuQzMuNzIwLmRhc2hfYmFzZWxpbmVfMV92MSIsInhwdl9hc3NldF9pZCI6MTA4NDE1MTE0NzAwMzkwMywidmlfdXNlY2FzZV9pZCI6MTAxMDAsImR1cmF0aW9uX3MiOjEwLCJ1cmxnZW5fc291cmNlIjoid3d3In0%3D&ccb=17-1&vs=ec26b890293f2d77&_nc_vs=HBksFQIYUWlnX3hwdl9wbGFjZW1lbnRfcGVybWFuZW50X3YyL0JDNDExOTgxNjJBMkM3Njg5OTczOTJGMzNCNjE0QkFBX3ZpZGVvX2Rhc2hpbml0Lm1wNBUAAsgBEgAVAhg6cGFzc3Rocm91Z2hfZXZlcnN0b3JlL0dFZW1IQi1RLTZOckNBWUVBUFNNMTZGaEV6aG5icGt3QUFBRhUCAsgBEgAoABgAGwKIB3VzZV9vaWwBMRJwcm9ncmVzc2l2ZV9yZWNpcGUBMRUAACb-__-_84HtAxUCKAJDMywXQCXrhR64UewYEmRhc2hfYmFzZWxpbmVfMV92MREAdegHZeidAQA&_nc_gid=h2KCs9Kai5lSsQUSTRsULw&_nc_zt=28&oh=00_AfWwLd3rTyjkxWBOZPwHsvVLm0Tz5W5sOpk2aYlMjOXe0Q&oe=68951B84,11,1 week ago
8,video,https://scontent-iad3-2.cdninstagram.com/o1/v/t2/f2/m78/AQON4JgfMYRCTuigaquysKxUtnu7LrTCRubPmIDGflOPoan3O0XKW9NeSD57_AlnlpMRp1jWiUp99vaATEiG5sunUEGvhla_8oEIjIs.mp4?_nc_cat=103&_nc_sid=5e9851&_nc_ht=scontent-iad3-2.cdninstagram.com&_nc_ohc=BPphS1hajS4Q7kNvwElyAWP&efg=eyJ2ZW5jb2RlX3RhZyI6Inhwdl9wcm9ncmVzc2l2ZS5JTlNUQUdSQU0uU1RPUlkuQzMuNzIwLmRhc2hfYmFzZWxpbmVfMV92MSIsInhwdl9hc3NldF9pZCI6MjQ1ODk1OTk2NzgwNDE4MCwidmlfdXNlY2FzZV9pZCI6MTAxMDAsImR1cmF0aW9uX3MiOjEwLCJ1cmxnZW5fc291cmNlIjoid3d3In0%3D&ccb=17-1&vs=27357dc128e70b44&_nc_vs=HBksFQIYUWlnX3hwdl9wbGFjZW1lbnRfcGVybWFuZW50X3YyLzlGNDk0MkU2MTZGMkNBMjMwQjcwNTBFMDI1NDBCQTgxX3ZpZGVvX2Rhc2hpbml0Lm1wNBUAAsgBEgAVAhg6cGFzc3Rocm91Z2hfZXZlcnN0b3JlL0dNNU1IUjhYRExzRUVlTUJBTkw3WVR1Rm1wNFZicGt3QUFBRhUCAsgBEgAoABgAGwKIB3VzZV9vaWwBMRJwcm9ncmVzc2l2ZV9yZWNpcGUBMRUAACao7K62p5reCBUCKAJDMywXQCTMzMzMzM0YEmRhc2hfYmFzZWxpbmVfMV92MREAdegHZeidAQA&_nc_zt=28&oh=00_AfU5wcDVHwimzwA8DnRRNsTD5gzG7tStwO2GiHs5qxNmVg&oe=689534AC,11,1 week ago
9,video,https://scontent-iad3-1.cdninstagram.com/o1/v/t2/f2/m78/AQM7X3Uf_cmN9BV0oY-1KjtBt0I1q0Si3Kmg8utocaxQOL2Rd0fUR--2yG_RtzUR9djjyxMCfdCXazTmkBcFsz03khwcKLz19eAJXxM.mp4?_nc_cat=109&_nc_sid=5e9851&_nc_ht=scontent-iad3-1.cdninstagram.com&_nc_ohc=bPiR1i4ao1QQ7kNvwGnpVK0&efg=eyJ2ZW5jb2RlX3RhZyI6Inhwdl9wcm9ncmVzc2l2ZS5JTlNUQUdSQU0uU1RPUlkuQzMuNzIwLmRhc2hfYmFzZWxpbmVfMV92MSIsInhwdl9hc3NldF9pZCI6NjcyNzQ0MTQyNDg2MzczLCJ2aV91c2VjYXNlX2lkIjoxMDEwMCwiZHVyYXRpb25fcyI6OCwidXJsZ2VuX3NvdXJjZSI6Ind3dyJ9&ccb=17-1&vs=be9590c997fbf66c&_nc_vs=HBksFQIYUWlnX3hwdl9wbGFjZW1lbnRfcGVybWFuZW50X3YyLzJBNDJGNTA4QjhENjk0NjU4QjExRjNGMjY4QkJEMEFBX3ZpZGVvX2Rhc2hpbml0Lm1wNBUAAsgBEgAVAhg6cGFzc3Rocm91Z2hfZXZlcnN0b3JlL0dCakVPUjgzMktTZVBZa0VBSVg4eGtMeUFFVXNicGt3QUFBRhUCAsgBEgAoABgAGwKIB3VzZV9vaWwBMRJwcm9ncmVzc2l2ZV9yZWNpcGUBMRUAACbK7Zm67vaxAhUCKAJDMywXQCGZmZmZmZoYEmRhc2hfYmFzZWxpbmVfMV92MREAdegHZeidAQA&_nc_zt=28&oh=00_AfVqZ-cBADASszrxIzDVYrOpvvoom-T2YhS0BPhHOsT21A&oe=68951E82,9,1 week ago
10,video,https://scontent-iad3-1.cdninstagram.com/o1/v/t2/f2/m78/AQPTWvwoL_6b3ljtBHykKw0xENpvbEmpe6hAeuXprq9VNgq86VtjQZ7p3YdJsyEPpEdrPRL5rbXaGotjNElqBrj7yAxxdHLfX7HNH1I.mp4?_nc_cat=104&_nc_sid=5e9851&_nc_ht=scontent-iad3-1.cdninstagram.com&_nc_ohc=VHL6ltyT49oQ7kNvwHpVAgk&efg=eyJ2ZW5jb2RlX3RhZyI6Inhwdl9wcm9ncmVzc2l2ZS5JTlNUQUdSQU0uU1RPUlkuQzMuNzIwLmRhc2hfYmFzZWxpbmVfMV92MSIsInhwdl9hc3NldF9pZCI6MTQzMjQ3ODYzNzc4MzE2OSwidmlfdXNlY2FzZV9pZCI6MTAxMDAsImR1cmF0aW9uX3MiOjI4LCJ1cmxnZW5fc291cmNlIjoid3d3In0%3D&ccb=17-1&vs=aae291aaf7c27312&_nc_vs=HBksFQIYUWlnX3hwdl9wbGFjZW1lbnRfcGVybWFuZW50X3YyL0Y5NDA1MjM3N0QzNDY5RTVDNzEwOUY3QjhGMjFDQ0I0X3ZpZGVvX2Rhc2hpbml0Lm1wNBUAAsgBEgAVAhg6cGFzc3Rocm91Z2hfZXZlcnN0b3JlL0dGUkdRUl9SNUdlS1pLd0RBT1ZaTVQxcV9qaG9icGt3QUFBRhUCAsgBEgAoABgAGwKIB3VzZV9vaWwBMRJwcm9ncmVzc2l2ZV9yZWNpcGUBMRUAACaC4tPFnbWLBRUCKAJDMywXQDzAAAAAAAAYEmRhc2hfYmFzZWxpbmVfMV92MREAdegHZeidAQA&_nc_gid=h2KCs9Kai5lSsQUSTRsULw&_nc_zt=28&oh=00_AfVE5Dqb4-xH_WWI8jVeioX_KuYkcun1OiVHLg-2PBNRmw&oe=68953639,29,1 week ago
11,video,https://scontent-iad3-1.cdninstagram.com/o1/v/t2/f2/m78/AQMJAxLSK0qPYNqjjxID11O3jHSF9toJ-RqHjHorYn6doebuy2rt7NwTZtcEK-wpMVd7Uq87PRZ5wWdMYoxjQOjJ886pKJVrF4YMHCY.mp4?_nc_cat=101&_nc_sid=5e9851&_nc_ht=scontent-iad3-1.cdninstagram.com&_nc_ohc=NfIhzMHXxSIQ7kNvwGReNRq&efg=eyJ2ZW5jb2RlX3RhZyI6Inhwdl9wcm9ncmVzc2l2ZS5JTlNUQUdSQU0uU1RPUlkuQzMuNzIwLmRhc2hfYmFzZWxpbmVfMV92MSIsInhwdl9hc3NldF9pZCI6NDE0MDUxNjMwNjI3NjQxNSwidmlfdXNlY2FzZV9pZCI6MTAxMDAsImR1cmF0aW9uX3MiOjI0LCJ1cmxnZW5fc291cmNlIjoid3d3In0%3D&ccb=17-1&vs=f577b792d7d3589d&_nc_vs=HBksFQIYUWlnX3hwdl9wbGFjZW1lbnRfcGVybWFuZW50X3YyL0E2NDUzNEVBNjRBMkRGMDExRkY2OEFFQzIwMzYxRDk3X3ZpZGVvX2Rhc2hpbml0Lm1wNBUAAsgBEgAVAhg6cGFzc3Rocm91Z2hfZXZlcnN0b3JlL0dCSVRIUl8weHlEVElaME9BRDV5bWJyN1pzQWxicGt3QUFBRhUCAsgBEgAoABgAGwKIB3VzZV9vaWwBMRJwcm9ncmVzc2l2ZV9yZWNpcGUBMRUAACb-wPq54vHaDhUCKAJDMywXQDhu2RaHKwIYEmRhc2hfYmFzZWxpbmVfMV92MREAdegHZeidAQA&_nc_zt=28&oh=00_AfUwJmsPnm0vcWHlvNIyeD4JNNn8HvyQ3M0stYCcU6UFNw&oe=6895385A,25,1 week ago
12,video,https://scontent-iad3-2.cdninstagram.com/o1/v/t2/f2/m78/AQOkbW9frBaJUNyhOAlic3ZCtEgV0btV-exE1YqdxQqdiev17bOR5nB5ajjW-7lroXbCP0rMv-EE9QF3kJKfibb0RSHfTNHKU-rY2wg.mp4?_nc_cat=106&_nc_sid=5e9851&_nc_ht=scontent-iad3-2.cdninstagram.com&_nc_ohc=JKI79la21lQQ7kNvwGzw-RT&efg=eyJ2ZW5jb2RlX3RhZyI6Inhwdl9wcm9ncmVzc2l2ZS5JTlNUQUdSQU0uU1RPUlkuQzMuNzIwLmRhc2hfYmFzZWxpbmVfMV92MSIsInhwdl9hc3NldF9pZCI6MTkwOTA4MjU3OTkzNTYxNywidmlfdXNlY2FzZV9pZCI6MTAxMDAsImR1cmF0aW9uX3MiOjcsInVybGdlbl9zb3VyY2UiOiJ3d3cifQ%3D%3D&ccb=17-1&vs=434e3a295c06aa09&_nc_vs=HBksFQIYUWlnX3hwdl9wbGFjZW1lbnRfcGVybWFuZW50X3YyLzQzNDQ2MEI1QzNCRUI3OURCODFDQ0E1NDY5NEMyMDlBX3ZpZGVvX2Rhc2hpbml0Lm1wNBUAAsgBEgAVAhg6cGFzc3Rocm91Z2hfZXZlcnN0b3JlL0dOb0xIUl9FUzNIeXA1b0dBUFZSeDFBaUJWTjhicGt3QUFBRhUCAsgBEgAoABgAGwKIB3VzZV9vaWwBMRJwcm9ncmVzc2l2ZV9yZWNpcGUBMRUAACaChrHQnZPkBhUCKAJDMywXQBxR64UeuFIYEmRhc2hfYmFzZWxpbmVfMV92MREAdegHZeidAQA&_nc_gid=h2KCs9Kai5lSsQUSTRsULw&_nc_zt=28&oh=00_AfVJT3QXuaPkYVHnddj5b6ZysQ41e6Mb1Ufe0FAsQx2h-Q&oe=689529F3,8,1 week ago
13,video,https://scontent-iad3-2.cdninstagram.com/o1/v/t2/f2/m78/AQNeDwYPREKFgVgSYfxwIVUf06MtMt1fdia356KRopCT4nf5oSYP4XrP5fRZPir9Z_47cBxypVz3dpCTwX_VxRPVFiDL-lns9NYGMUw.mp4?_nc_cat=100&_nc_sid=5e9851&_nc_ht=scontent-iad3-2.cdninstagram.com&_nc_ohc=lL7Rto8ZBuQQ7kNvwEOxH5h&efg=eyJ2ZW5jb2RlX3RhZyI6Inhwdl9wcm9ncmVzc2l2ZS5JTlNUQUdSQU0uU1RPUlkuQzMuNzIwLmRhc2hfYmFzZWxpbmVfMV92MSIsInhwdl9hc3NldF9pZCI6NzU2MTAwNzA2ODU2NjUzLCJ2aV91c2VjYXNlX2lkIjoxMDEwMCwiZHVyYXRpb25fcyI6OSwidXJsZ2VuX3NvdXJjZSI6Ind3dyJ9&ccb=17-1&vs=5c5f526a9efafcac&_nc_vs=HBksFQIYUWlnX3hwdl9wbGFjZW1lbnRfcGVybWFuZW50X3YyL0JBNDczMzcyOTc0RTY0RTRGOEVGNTc3MUY2REY1M0I0X3ZpZGVvX2Rhc2hpbml0Lm1wNBUAAsgBEgAVAhg6cGFzc3Rocm91Z2hfZXZlcnN0b3JlL0dQVzBKeF9BUXZjcGJjTURBTkZFb1JXVU5wQkRicGt3QUFBRhUCAsgBEgAoABgAGwKIB3VzZV9vaWwBMRJwcm9ncmVzc2l2ZV9yZWNpcGUBMRUAACaau9-g7erXAhUCKAJDMywXQCIo9cKPXCkYEmRhc2hfYmFzZWxpbmVfMV92MREAdegHZeidAQA&_nc_zt=28&oh=00_AfVIjou6FSr0yRxULuAW_bdkNYcJQA-Ff-dM1idbY4ZXag&oe=68953F39,10,1 week ago
14,video,https://scontent-iad3-1.cdninstagram.com/o1/v/t2/f2/m78/AQNRLjnQ6t-cp90dBGDBocJV7wiv6La-SzYL_BxLWmbdeOx7tygf2UlixLLLlnKOjUu9i4TmI4fKRsNdAoM84dxsmn24G4nvgOTYuG8.mp4?_nc_cat=109&_nc_sid=5e9851&_nc_ht=scontent-iad3-1.cdninstagram.com&_nc_ohc=wYZTp2UjY_IQ7kNvwEkhLhG&efg=eyJ2ZW5jb2RlX3RhZyI6Inhwdl9wcm9ncmVzc2l2ZS5JTlNUQUdSQU0uU1RPUlkuQzMuNzIwLmRhc2hfYmFzZWxpbmVfMV92MSIsInhwdl9hc3NldF9pZCI6MTIzOTk0NzU0NDUyNjAzOCwidmlfdXNlY2FzZV9pZCI6MTAxMDAsImR1cmF0aW9uX3MiOjIwLCJ1cmxnZW5fc291cmNlIjoid3d3In0%3D&ccb=17-1&vs=dae2e4fc088fe1f1&_nc_vs=HBksFQIYUWlnX3hwdl9wbGFjZW1lbnRfcGVybWFuZW50X3YyLzZCNERFOTgzMUFFN0VGRjcxRUZCNzlBOEU2QkE3N0I2X3ZpZGVvX2Rhc2hpbml0Lm1wNBUAAsgBEgAVAhg6cGFzc3Rocm91Z2hfZXZlcnN0b3JlL0dNUFJIQi1HX056ZzhhTUNBTTRESFFFUXNQOGhicGt3QUFBRhUCAsgBEgAoABgAGwKIB3VzZV9vaWwBMRJwcm9ncmVzc2l2ZV9yZWNpcGUBMRUAACas8_OOue6zBBUCKAJDMywXQDQKfvnbItEYEmRhc2hfYmFzZWxpbmVfMV92MREAdegHZeidAQA&_nc_zt=28&oh=00_AfVm3ZW94gAkIZEjkTnci5LB0mEvUUjyqY3gCQ3Fk42k8g&oe=689539BE,21,1 week ago
15,video,https://scontent-iad3-1.cdninstagram.com/o1/v/t2/f2/m78/AQPUP02yyMeP2DwxQQhKdN0cqMGZAED8ZdTXk_DYhf-Quz-qW6kMdlC76TDt1DJ_Rtxgno9rntrMGXpDm1GMovcLSc2dEV-MCFJk3dk.mp4?_nc_cat=107&_nc_sid=5e9851&_nc_ht=scontent-iad3-1.cdninstagram.com&_nc_ohc=7LoqlPTRy4wQ7kNvwFx2tF1&efg=eyJ2ZW5jb2RlX3RhZyI6Inhwdl9wcm9ncmVzc2l2ZS5JTlNUQUdSQU0uU1RPUlkuQzMuNzIwLmRhc2hfYmFzZWxpbmVfMV92MSIsInhwdl9hc3NldF9pZCI6MTQ1MDgzODEzMjc1NTYwOCwidmlfdXNlY2FzZV9pZCI6MTAxMDAsImR1cmF0aW9uX3MiOjM5LCJ1cmxnZW5fc291cmNlIjoid3d3In0%3D&ccb=17-1&vs=d148d5e6eedae98&_nc_vs=HBksFQIYUWlnX3hwdl9wbGFjZW1lbnRfcGVybWFuZW50X3YyL0NBNEMwMTgzNTAyNjYwNEE4RTM5QjBFQzc1RDU2REI0X3ZpZGVvX2Rhc2hpbml0Lm1wNBUAAsgBEgAVAhg6cGFzc3Rocm91Z2hfZXZlcnN0b3JlL0dCanJIQjlxUE12SThKTUNBQktsZGZ5VW1IaGticGt3QUFBRhUCAsgBEgAoABgAGwKIB3VzZV9vaWwBMRJwcm9ncmVzc2l2ZV9yZWNpcGUBMRUAACawsry48uGTBRUCKAJDMywXQEPVP3ztkWgYEmRhc2hfYmFzZWxpbmVfMV92MREAdegHZeidAQA&_nc_zt=28&oh=00_AfWZ7jTXECEUQKHykokayrM8Xzh93bhkLQcnxUOvN4fkhg&oe=68953E54,40,1 week ago
16,video,https://scontent-iad3-1.cdninstagram.com/o1/v/t2/f2/m78/AQPzGvIDpJrKM0wFZO2af8tIcgVcEF184P8m1UqQL10YTaqTXJEem2-sNSWYwUP_XW1M6-QXRHm_c52i5-YqdxdxUYR1wH5BQWoj0UI.mp4?_nc_cat=104&_nc_sid=5e9851&_nc_ht=scontent-iad3-1.cdninstagram.com&_nc_ohc=TbrUuI3JRZQQ7kNvwGYmtHJ&efg=eyJ2ZW5jb2RlX3RhZyI6Inhwdl9wcm9ncmVzc2l2ZS5JTlNUQUdSQU0uU1RPUlkuQzMuNzIwLmRhc2hfYmFzZWxpbmVfMV92MSIsInhwdl9hc3NldF9pZCI6MTA3NTIxNDg0NDE3Mzk5MywidmlfdXNlY2FzZV9pZCI6MTA4MjYsImR1cmF0aW9uX3MiOjQyLCJ1cmxnZW5fc291cmNlIjoid3d3In0%3D&ccb=17-1&vs=fba94a56ebf79f07&_nc_vs=HBksFQIYUWlnX3hwdl9wbGFjZW1lbnRfcGVybWFuZW50X3YyLzVENEEwNjM4RTI0ODVDRjkyRDI1OTk2NTA2MzYwODlEX3ZpZGVvX2Rhc2hpbml0Lm1wNBUAAsgBEgAVAhg6cGFzc3Rocm91Z2hfZXZlcnN0b3JlL0dOaXVIQjgzdV9iLWI0MENBQWY3WDdWVmtnSWxicGt3QUFBRhUCAsgBEgAoABgAGwKIB3VzZV9vaWwBMRJwcm9ncmVzc2l2ZV9yZWNpcGUBMRUAACbS-sDt3vnoAxUCKAJDMywXQEUd0vGp--cYEmRhc2hfYmFzZWxpbmVfMV92MREAdegHZZSpAQA&_nc_gid=h2KCs9Kai5lSsQUSTRsULw&_nc_zt=28&oh=00_AfVAOoyo97Ah47Qd3VU36QE3Gm_Lpc_E2Wskst_c7bNg8g&oe=68951CF1,43,1 week ago
17,video,https://scontent-iad3-1.cdninstagram.com/o1/v/t2/f2/m78/AQMcvF70Kp7TSs7WrDDs3COw8XLIB57QmXWGp315IDX_fPAirZMAJqCUk9np--SFzztOncDtd8BjTIap1n6lAATtp921g9zMz7LHq4A.mp4?_nc_cat=101&_nc_sid=5e9851&_nc_ht=scontent-iad3-1.cdninstagram.com&_nc_ohc=9GI2Ii0d3U4Q7kNvwEzT2nK&efg=eyJ2ZW5jb2RlX3RhZyI6Inhwdl9wcm9ncmVzc2l2ZS5JTlNUQUdSQU0uU1RPUlkuQzMuNzIwLmRhc2hfYmFzZWxpbmVfMV92MSIsInhwdl9hc3NldF9pZCI6MTQyNDMyMTYzODgyOTE5OCwidmlfdXNlY2FzZV9pZCI6MTAxMDAsImR1cmF0aW9uX3MiOjEwLCJ1cmxnZW5fc291cmNlIjoid3d3In0%3D&ccb=17-1&vs=9d7643e77f1c9cfe&_nc_vs=HBksFQIYUWlnX3hwdl9wbGFjZW1lbnRfcGVybWFuZW50X3YyLzBBNERBNUFEMTRBRkRBOTlERTYwRkQyMkU5NzYxMkE0X3ZpZGVvX2Rhc2hpbml0Lm1wNBUAAsgBEgAVAhg6cGFzc3Rocm91Z2hfZXZlcnN0b3JlL0dNVExIQi1FSS1qbHB1VURBR3Q0Vk14UE1udzVicGt3QUFBRhUCAsgBEgAoABgAGwKIB3VzZV9vaWwBMRJwcm9ncmVzc2l2ZV9yZWNpcGUBMRUAACacsqCVt9qHBRUCKAJDMywXQCWZmZmZmZoYEmRhc2hfYmFzZWxpbmVfMV92MREAdegHZeidAQA&_nc_gid=h2KCs9Kai5lSsQUSTRsULw&_nc_zt=28&oh=00_AfXYzmF_OQatAZD9-qz7mWN1HHRbdFoW96fhuVS_J3jWcA&oe=68952E8A,11,1 week ago
18,video,https://scontent-iad3-2.cdninstagram.com/o1/v/t2/f2/m78/AQOJUIaPNXTNCkV7ZnUzzA9qeTEpir-idCRWB965ZVgWnYAa9F9UwmtQb7P1EPj00Xok7dfsVIeAumHiChu7lLg22W6vraCf6cvsRUc.mp4?_nc_cat=100&_nc_sid=5e9851&_nc_ht=scontent-iad3-2.cdninstagram.com&_nc_ohc=SMEcnMLBAWcQ7kNvwEeTjTK&efg=eyJ2ZW5jb2RlX3RhZyI6Inhwdl9wcm9ncmVzc2l2ZS5JTlNUQUdSQU0uU1RPUlkuQzMuNzIwLmRhc2hfYmFzZWxpbmVfMV92MSIsInhwdl9hc3NldF9pZCI6MjM5ODc1NjE0MDc1MjA2MzYsInZpX3VzZWNhc2VfaWQiOjEwMTAwLCJkdXJhdGlvbl9zIjo2LCJ1cmxnZW5fc291cmNlIjoid3d3In0%3D&ccb=17-1&vs=c5912656e8607aa5&_nc_vs=HBksFQIYUWlnX3hwdl9wbGFjZW1lbnRfcGVybWFuZW50X3YyL0MxNDc2QTlEQzgyMjExOTNGRUY2QTdCMDk1Q0RGRUJDX3ZpZGVvX2Rhc2hpbml0Lm1wNBUAAsgBEgAVAhg6cGFzc3Rocm91Z2hfZXZlcnN0b3JlL0dBdXFQeDlxTmVaR2tvMENBRXBYajFOTkJNZ2dicGt3QUFBRhUCAsgBEgAoABgAGwKIB3VzZV9vaWwBMRJwcm9ncmVzc2l2ZV9yZWNpcGUBMRUAACb4_cjL66OcVRUCKAJDMywXQBmZmZmZmZoYEmRhc2hfYmFzZWxpbmVfMV92MREAdegHZeidAQA&_nc_gid=h2KCs9Kai5lSsQUSTRsULw&_nc_zt=28&oh=00_AfX82R37TAjAk0-hS_3msX_7bfrf59VQedBQiYAjBjquRQ&oe=68954009,7,1 week ago
19,video,https://scontent-iad3-1.cdninstagram.com/o1/v/t2/f2/m78/AQOGXst9h9QfqeV8ix1tXfSHjWHg-e3kPVk8s0mPvgJ0NDBET5KeMGvJlOJ5wvSgE_bTwTIryBZjiCg_Jd5lKAtHpw0BBHjatv-jtck.mp4?_nc_cat=109&_nc_sid=5e9851&_nc_ht=scontent-iad3-1.cdninstagram.com&_nc_ohc=L6A4l9C8ABoQ7kNvwFZNxnh&efg=eyJ2ZW5jb2RlX3RhZyI6Inhwdl9wcm9ncmVzc2l2ZS5JTlNUQUdSQU0uU1RPUlkuQzMuNzIwLmRhc2hfYmFzZWxpbmVfMV92MSIsInhwdl9hc3NldF9pZCI6MTA5ODkxMTgwMjExNzAzNSwidmlfdXNlY2FzZV9pZCI6MTAxMDAsImR1cmF0aW9uX3MiOjQ3LCJ1cmxnZW5fc291cmNlIjoid3d3In0%3D&ccb=17-1&vs=1ad7af7fcb5d4a81&_nc_vs=HBksFQIYUWlnX3hwdl9wbGFjZW1lbnRfcGVybWFuZW50X3YyLzdCNEQyOUYwQzk1RUUyREMxODJEODE1QkNEOUJFMDgzX3ZpZGVvX2Rhc2hpbml0Lm1wNBUAAsgBEgAVAhg6cGFzc3Rocm91Z2hfZXZlcnN0b3JlL0dMWG1IQl85X3c3VDR4UUhBQmp0NkJMMDRkcEFicGt3QUFBRhUCAsgBEgAoABgAGwKIB3VzZV9vaWwBMRJwcm9ncmVzc2l2ZV9yZWNpcGUBMRUAACbWrtb5it3zAxUCKAJDMywXQEf1wo9cKPYYEmRhc2hfYmFzZWxpbmVfMV92MREAdegHZeidAQA&_nc_zt=28&oh=00_AfVgLitycE5Xti9wBl6-UejdIrQmOe9f4DV0I6LQanrQQQ&oe=68951A5E,48,1 week ago
20,video,https://scontent-iad3-2.cdninstagram.com/o1/v/t2/f2/m78/AQNfrea5_tX1otkqgp1VNl5BWRPBB0_yiWuR-Ku98g74yHskpU7x_0chIcFQNXLaOVzeT_FZaGXfv-mBcMDmU66vrPecIHJmszCgVUI.mp4?_nc_cat=106&_nc_sid=5e9851&_nc_ht=scontent-iad3-2.cdninstagram.com&_nc_ohc=oNbhIHb-wnAQ7kNvwHLymf3&efg=eyJ2ZW5jb2RlX3RhZyI6Inhwdl9wcm9ncmVzc2l2ZS5JTlNUQUdSQU0uU1RPUlkuQzMuNzIwLmRhc2hfYmFzZWxpbmVfMV92MSIsInhwdl9hc3NldF9pZCI6MTUwMzc5NTQyNzY2Njc3MSwidmlfdXNlY2FzZV9pZCI6MTAxMDAsImR1cmF0aW9uX3MiOjcsInVybGdlbl9zb3VyY2UiOiJ3d3cifQ%3D%3D&ccb=17-1&vs=e91ba5244a976087&_nc_vs=HBksFQIYUWlnX3hwdl9wbGFjZW1lbnRfcGVybWFuZW50X3YyLzc5NEJFRjQ3QjlFOTBCNzNGMDQyMTU1QzE3QTM2QUFEX3ZpZGVvX2Rhc2hpbml0Lm1wNBUAAsgBEgAVAhg6cGFzc3Rocm91Z2hfZXZlcnN0b3JlL0dHeENIUjlabmRQdlI1c0VBSTdvZ3R1RFBxbHJicGt3QUFBRhUCAsgBEgAoABgAGwKIB3VzZV9vaWwBMRJwcm9ncmVzc2l2ZV9yZWNpcGUBMRUAACamrb-EteyrBRUCKAJDMywXQB8zMzMzMzMYEmRhc2hfYmFzZWxpbmVfMV92MREAdegHZeidAQA&_nc_zt=28&oh=00_AfVSGVXWl9sGviha6JKgiOAloJJ0q8bEJNj4rZBdxLpLrg&oe=68954B53,8,1 week ago
21,video,https://scontent-iad3-1.cdninstagram.com/o1/v/t2/f2/m78/AQO30G3s3ocRHrbh63diQbKXC_X55Zd5en9QHcZh6TkkOL7_8UADycM0igYMebaVs-62cyWiOJOHT6GVcHJGputVWYH5I_rdiUm5lDU.mp4?_nc_cat=104&_nc_sid=5e9851&_nc_ht=scontent-iad3-1.cdninstagram.com&_nc_ohc=yZNbALAvNGAQ7kNvwG5pMkw&efg=eyJ2ZW5jb2RlX3RhZyI6Inhwdl9wcm9ncmVzc2l2ZS5JTlNUQUdSQU0uU1RPUlkuQzMuNzIwLmRhc2hfYmFzZWxpbmVfMV92MSIsInhwdl9hc3NldF9pZCI6MTE1MDUzOTA4NzEyNTk0NSwidmlfdXNlY2FzZV9pZCI6MTAxMDAsImR1cmF0aW9uX3MiOjcsInVybGdlbl9zb3VyY2UiOiJ3d3cifQ%3D%3D&ccb=17-1&vs=20faaad0b6452e3a&_nc_vs=HBksFQIYUWlnX3hwdl9wbGFjZW1lbnRfcGVybWFuZW50X3YyL0FBNDE0NTk4NTkzNkYzNTExNjY3NEE0OTlCQjE1Nzg4X3ZpZGVvX2Rhc2hpbml0Lm1wNBUAAsgBEgAVAhg6cGFzc3Rocm91Z2hfZXZlcnN0b3JlL0dQZzhLeDhEcTlpUGNoc0NBTFFIOGhQSG9CaGxicGt3QUFBRhUCAsgBEgAoABgAGwKIB3VzZV9vaWwBMRJwcm9ncmVzc2l2ZV9yZWNpcGUBMRUAACby9rSZmJqLBBUCKAJDMywXQB8zMzMzMzMYEmRhc2hfYmFzZWxpbmVfMV92MREAdegHZeidAQA&_nc_zt=28&oh=00_AfUthsPKtaMfghoVm0S9Xo4bxqdYdBZtNrgahZ6yB5md4A&oe=68953A0D,8,1 week ago
22,video,https://scontent-iad3-2.cdninstagram.com/o1/v/t2/f2/m78/AQPU-0f9LkqhoI4D8PQ2QfIoy8O4fysrdQlgJ4WvR7FB-CUtu5rbC4dM240hMAJgxqm36FDgujy78bbDEGZnVP5Lvqdy0ET3G6eZgVw.mp4?_nc_cat=105&_nc_sid=5e9851&_nc_ht=scontent-iad3-2.cdninstagram.com&_nc_ohc=1C5ZiMcjNNAQ7kNvwG-RRP8&efg=eyJ2ZW5jb2RlX3RhZyI6Inhwdl9wcm9ncmVzc2l2ZS5JTlNUQUdSQU0uU1RPUlkuQzMuNzIwLmRhc2hfYmFzZWxpbmVfMV92MSIsInhwdl9hc3NldF9pZCI6MTQ1MTMyMzg3NTg4NDc0OCwidmlfdXNlY2FzZV9pZCI6MTAxMDAsImR1cmF0aW9uX3MiOjEyLCJ1cmxnZW5fc291cmNlIjoid3d3In0%3D&ccb=17-1&vs=5e9fe127f2533177&_nc_vs=HBksFQIYUWlnX3hwdl9wbGFjZW1lbnRfcGVybWFuZW50X3YyLzA2NDg4MUFGRkFGQTk2RTk5OEE0MjQxQTZENzI1MUI1X3ZpZGVvX2Rhc2hpbml0Lm1wNBUAAsgBEgAVAhg6cGFzc3Rocm91Z2hfZXZlcnN0b3JlL0dEdkxIQl9vcnR4d1o0d0dBRE5NeHhoY0s2UjlicGt3QUFBRhUCAsgBEgAoABgAGwKIB3VzZV9vaWwBMRJwcm9ncmVzc2l2ZV9yZWNpcGUBMRUAACaY-5vBlf6TBRUCKAJDMywXQClwo9cKPXEYEmRhc2hfYmFzZWxpbmVfMV92MREAdegHZeidAQA&_nc_gid=h2KCs9Kai5lSsQUSTRsULw&_nc_zt=28&oh=00_AfWulVXw-SUsPl3ncOESNmFnU9gKV-H-TH2lSM0R8x5nrw&oe=689525D2,13,1 week ago
23,video,https://scontent-iad3-1.cdninstagram.com/o1/v/t2/f2/m78/AQPb3kX9h9wP2hd5o1Wi8RVOXLuRv59N4bv275AaeX6xwWlHCCEumaKwD6AY5_uVyXA_N6a5HaT8nF_10fwdQ-u2LDKSVnid5LWP2t8.mp4?_nc_cat=102&_nc_sid=5e9851&_nc_ht=scontent-iad3-1.cdninstagram.com&_nc_ohc=Hpt6c__CVKgQ7kNvwHv04k1&efg=eyJ2ZW5jb2RlX3RhZyI6Inhwdl9wcm9ncmVzc2l2ZS5JTlNUQUdSQU0uU1RPUlkuQzMuNzIwLmRhc2hfYmFzZWxpbmVfMV92MSIsInhwdl9hc3NldF9pZCI6MTIzOTIzOTA2NzUyMTAzMiwidmlfdXNlY2FzZV9pZCI6MTAxMDAsImR1cmF0aW9uX3MiOjYsInVybGdlbl9zb3VyY2UiOiJ3d3cifQ%3D%3D&ccb=17-1&vs=2c1140143f3bba50&_nc_vs=HBksFQIYUWlnX3hwdl9wbGFjZW1lbnRfcGVybWFuZW50X3YyLzg4NEM2OEYyNzA5NTdBNDkwRUY1N0U4QUI5RUFBMDg4X3ZpZGVvX2Rhc2hpbml0Lm1wNBUAAsgBEgAVAhg6cGFzc3Rocm91Z2hfZXZlcnN0b3JlL0dDOE9LQi1LUV9aakhJQURBQjZfS25PVFQ0Sk1icGt3QUFBRhUCAsgBEgAoABgAGwKIB3VzZV9vaWwBMRJwcm9ncmVzc2l2ZV9yZWNpcGUBMRUAACaQwMrGmsWzBBUCKAJDMywXQBszMzMzMzMYEmRhc2hfYmFzZWxpbmVfMV92MREAdegHZeidAQA&_nc_gid=h2KCs9Kai5lSsQUSTRsULw&_nc_zt=28&oh=00_AfWAk1pC0NDlYNC_gz0erRl4lBy4rBVqTvwDO9F6AAJOjg&oe=689514FF,7,1 week ago
24,video,https://scontent-iad3-2.cdninstagram.com/o1/v/t2/f2/m78/AQMgwtGRgnnz-uDTjrIluAMEYyMPrp1jHLqqh76PKnRBoFmNSzeelnMqs8q4g-JwxVCCOWgCG9vcvE-kY4zhqfPG6hPE3lH13vtJ7GQ.mp4?_nc_cat=106&_nc_sid=5e9851&_nc_ht=scontent-iad3-2.cdninstagram.com&_nc_ohc=NtcTfuPaRmEQ7kNvwEl7Crn&efg=eyJ2ZW5jb2RlX3RhZyI6Inhwdl9wcm9ncmVzc2l2ZS5JTlNUQUdSQU0uU1RPUlkuQzMuNzIwLmRhc2hfYmFzZWxpbmVfMV92MSIsInhwdl9hc3NldF9pZCI6MTA4MTYzNjYyMzQzNDQwMywidmlfdXNlY2FzZV9pZCI6MTAxMDAsImR1cmF0aW9uX3MiOjcsInVybGdlbl9zb3VyY2UiOiJ3d3cifQ%3D%3D&ccb=17-1&vs=a1b8959759fa8c79&_nc_vs=HBksFQIYUWlnX3hwdl9wbGFjZW1lbnRfcGVybWFuZW50X3YyLzE4NDNENUFBQTQyQkNFOTkyRjYzMENBQ0UxOUE4RUI5X3ZpZGVvX2Rhc2hpbml0Lm1wNBUAAsgBEgAVAhg6cGFzc3Rocm91Z2hfZXZlcnN0b3JlL0dESURIUjh3OGJ3S21FWUZBSElnZVkzTnR4WWJicGt3QUFBRhUCAsgBEgAoABgAGwKIB3VzZV9vaWwBMRJwcm9ncmVzc2l2ZV9yZWNpcGUBMRUAACbGirrrxO_rAxUCKAJDMywXQB-FHrhR64UYEmRhc2hfYmFzZWxpbmVfMV92MREAdegHZeidAQA&_nc_zt=28&oh=00_AfXUCDh8Y0OkQMeP4dXAktjUmRK1cG4fW1fAGgl7Zo3cuA&oe=6895184F,8,1 week ago
25,video,https://scontent-iad3-2.cdninstagram.com/o1/v/t2/f2/m78/AQOr4lL4yKMY1OvyBr_bjHKYfyVL0C4HlzfZLoNLcCrRzvv95RqtjEpUC_eZuLqmEmj5oFEhSknG-z1KcZbuQZd9lNyORWNch8XRGd4.mp4?_nc_cat=106&_nc_sid=5e9851&_nc_ht=scontent-iad3-2.cdninstagram.com&_nc_ohc=r6v1P_QLT9EQ7kNvwFDTaxQ&efg=eyJ2ZW5jb2RlX3RhZyI6Inhwdl9wcm9ncmVzc2l2ZS5JTlNUQUdSQU0uU1RPUlkuQzMuNzIwLmRhc2hfYmFzZWxpbmVfMV92MSIsInhwdl9hc3NldF9pZCI6MTExNDIwNjE1MzkxNTQzMSwidmlfdXNlY2FzZV9pZCI6MTAxMDAsImR1cmF0aW9uX3MiOjcsInVybGdlbl9zb3VyY2UiOiJ3d3cifQ%3D%3D&ccb=17-1&vs=b808f0ce9352fdce&_nc_vs=HBksFQIYUWlnX3hwdl9wbGFjZW1lbnRfcGVybWFuZW50X3YyLzcwNDg4MzY2REI0NzYwMjc4RDdFN0FDMTg5NDgzN0FDX3ZpZGVvX2Rhc2hpbml0Lm1wNBUAAsgBEgAVAhg6cGFzc3Rocm91Z2hfZXZlcnN0b3JlL0dGUURIUi1TS1Q2TlZWRUNBTTA1Q1poT2toRlhicGt3QUFBRhUCAsgBEgAoABgAGwKIB3VzZV9vaWwBMRJwcm9ncmVzc2l2ZV9yZWNpcGUBMRUAACbO8JXgqtf6AxUCKAJDMywXQB3Cj1wo9cMYEmRhc2hfYmFzZWxpbmVfMV92MREAdegHZeidAQA&_nc_zt=28&oh=00_AfUrtng6NcmfBIRsfjEVilsq-LLKMeO8ZMoYjKbFghQ2YA&oe=6895231B,8,1 week ago
26,video,https://scontent-iad3-1.cdninstagram.com/o1/v/t2/f2/m78/AQMRARmWQJQnhU0toGJuuL-b0wk9OisDgz6ezFyR-0-tZRCo9wBTGIKOMxbU9KzxfYQ7ieskJdJGvBFaOeB7Erz84qBzrQoaROJkNbk.mp4?_nc_cat=109&_nc_sid=5e9851&_nc_ht=scontent-iad3-1.cdninstagram.com&_nc_ohc=3evyX-PLj8QQ7kNvwGTLtZp&efg=eyJ2ZW5jb2RlX3RhZyI6Inhwdl9wcm9ncmVzc2l2ZS5JTlNUQUdSQU0uU1RPUlkuQzMuNzIwLmRhc2hfYmFzZWxpbmVfMV92MSIsInhwdl9hc3NldF9pZCI6MTUzNDQ0NTI5NDE4NzEwNywidmlfdXNlY2FzZV9pZCI6MTAxMDAsImR1cmF0aW9uX3MiOjYsInVybGdlbl9zb3VyY2UiOiJ3d3cifQ%3D%3D&ccb=17-1&vs=49a29c1306a1628e&_nc_vs=HBksFQIYUWlnX3hwdl9wbGFjZW1lbnRfcGVybWFuZW50X3YyLzA3NENDNzZENThERTcyQzEwNjg1MzNENzY1RkMzQjk3X3ZpZGVvX2Rhc2hpbml0Lm1wNBUAAsgBEgAVAhg6cGFzc3Rocm91Z2hfZXZlcnN0b3JlL0dNTjZIUjhrZW1MQUN1RUVBUDZiS0lVYWtjNDVicGt3QUFBRhUCAsgBEgAoABgAGwKIB3VzZV9vaWwBMRJwcm9ncmVzc2l2ZV9yZWNpcGUBMRUAACbGyf-qvOS5BRUCKAJDMywXQBuuFHrhR64YEmRhc2hfYmFzZWxpbmVfMV92MREAdegHZeidAQA&_nc_zt=28&oh=00_AfW-lGdlBwOAXvMM5CpsSjRc4feJKqMLbr_W3IKvStKa-A&oe=68953316,7,1 week ago
27,video,https://scontent-iad3-2.cdninstagram.com/o1/v/t2/f2/m78/AQPbEHrk-Q-JMIjCSjtZ3fVccHH_TvgnMP6WjQ-cO7pkOr42L8ZHnoYQ1WO5CLMfEeLl5ejsDYuifaAeZqLFx9wzQ3fGEcC1oe9_YKE.mp4?_nc_cat=111&_nc_sid=5e9851&_nc_ht=scontent-iad3-2.cdninstagram.com&_nc_ohc=mCcGiHIYQOUQ7kNvwGl7hRu&efg=eyJ2ZW5jb2RlX3RhZyI6Inhwdl9wcm9ncmVzc2l2ZS5JTlNUQUdSQU0uU1RPUlkuQzMuNzIwLmRhc2hfYmFzZWxpbmVfMV92MSIsInhwdl9hc3NldF9pZCI6MTQzNDUwNDQ5Nzc1MTI2NywidmlfdXNlY2FzZV9pZCI6MTAxMDAsImR1cmF0aW9uX3MiOjcsInVybGdlbl9zb3VyY2UiOiJ3d3cifQ%3D%3D&ccb=17-1&vs=e69270dd7828d6dc&_nc_vs=HBksFQIYUWlnX3hwdl9wbGFjZW1lbnRfcGVybWFuZW50X3YyLzE3NDMzRkFFM0YxODYwREUyMjlFRjk0NDEzN0U5QUFBX3ZpZGVvX2Rhc2hpbml0Lm1wNBUAAsgBEgAVAhg6cGFzc3Rocm91Z2hfZXZlcnN0b3JlL0dLSDlIQi1nNF9kUzBiOERBRVlac284ZXVaUVJicGt3QUFBRhUCAsgBEgAoABgAGwKIB3VzZV9vaWwBMRJwcm9ncmVzc2l2ZV9yZWNpcGUBMRUAACbGk6Owk6uMBRUCKAJDMywXQBxR64UeuFIYEmRhc2hfYmFzZWxpbmVfMV92MREAdegHZeidAQA&_nc_gid=h2KCs9Kai5lSsQUSTRsULw&_nc_zt=28&oh=00_AfXuPlfvu7gmYDiiLZCOgwKdtlg4NSKOpGoqBdp5CrKD2w&oe=689521D8,8,1 week ago
28,video,https://scontent-iad3-1.cdninstagram.com/o1/v/t2/f2/m78/AQMRzxYy_GRp-lzK_E8N3Z7ndhrfIV37I5XsyPrMdIlhejH-2S3V6l6-C1WBhkl2lFGIeG6ka9_xudgvZ1SpaUYavj37ONzDtjeo1hw.mp4?_nc_cat=101&_nc_sid=5e9851&_nc_ht=scontent-iad3-1.cdninstagram.com&_nc_ohc=uQXswtOCPnIQ7kNvwEH27Sd&efg=eyJ2ZW5jb2RlX3RhZyI6Inhwdl9wcm9ncmVzc2l2ZS5JTlNUQUdSQU0uU1RPUlkuQzMuNzIwLmRhc2hfYmFzZWxpbmVfMV92MSIsInhwdl9hc3NldF9pZCI6NzMxNDUwNjk2MzA3NTQ4LCJ2aV91c2VjYXNlX2lkIjoxMDEwMCwiZHVyYXRpb25fcyI6NywidXJsZ2VuX3NvdXJjZSI6Ind3dyJ9&ccb=17-1&vs=c84625e8a5635e52&_nc_vs=HBksFQIYUWlnX3hwdl9wbGFjZW1lbnRfcGVybWFuZW50X3YyL0ZENEJDOTQyMUY5NUVERTlFMjE1Qjc4NjcwMTVCQ0E1X3ZpZGVvX2Rhc2hpbml0Lm1wNBUAAsgBEgAVAhg6cGFzc3Rocm91Z2hfZXZlcnN0b3JlL0dHTFhIQl94Wi1BVmJLWUNBSVFBLVpncnVfY0VicGt3QUFBRhUCAsgBEgAoABgAGwKIB3VzZV9vaWwBMRJwcm9ncmVzc2l2ZV9yZWNpcGUBMRUAACa4zeSuhNDMAhUCKAJDMywXQB3rhR64UewYEmRhc2hfYmFzZWxpbmVfMV92MREAdegHZeidAQA&_nc_gid=h2KCs9Kai5lSsQUSTRsULw&_nc_zt=28&oh=00_AfXa1FuIHLcTorsa6VyUxsMFR6M0p1buX0uCzoqVooruvg&oe=689515CA,8,1 week ago
29,video,https://scontent-iad3-1.cdninstagram.com/o1/v/t2/f2/m78/AQNeMlQW-LkvDNT12v8WNGGDeK5EUTVf0zjSVwLcd_4xWpX17KsdaetAFegmeUFCt2hX5lznIB8e2pZEODHtvl9461QMAyUCBuxAcF4.mp4?_nc_cat=107&_nc_sid=5e9851&_nc_ht=scontent-iad3-1.cdninstagram.com&_nc_ohc=_od_0coOLv0Q7kNvwG78Roe&efg=eyJ2ZW5jb2RlX3RhZyI6Inhwdl9wcm9ncmVzc2l2ZS5JTlNUQUdSQU0uU1RPUlkuQzMuNzIwLmRhc2hfYmFzZWxpbmVfMV92MSIsInhwdl9hc3NldF9pZCI6NzM5Njk4MTkxOTQwNTM1LCJ2aV91c2VjYXNlX2lkIjoxMDEwMCwiZHVyYXRpb25fcyI6MTIsInVybGdlbl9zb3VyY2UiOiJ3d3cifQ%3D%3D&ccb=17-1&vs=bdbb53192b3c40f7&_nc_vs=HBksFQIYUWlnX3hwdl9wbGFjZW1lbnRfcGVybWFuZW50X3YyLzBBNEY0OUQ2M0U2MDU3RUJGMzgwREJENENERDg3OTkwX3ZpZGVvX2Rhc2hpbml0Lm1wNBUAAsgBEgAVAhg6cGFzc3Rocm91Z2hfZXZlcnN0b3JlL0dMWTlKeC1xMVVObVROa0RBUDVBa2o0OVVpeDhicGt3QUFBRhUCAsgBEgAoABgAGwKIB3VzZV9vaWwBMRJwcm9ncmVzc2l2ZV9yZWNpcGUBMRUAACbu7sX_jLDQAhUCKAJDMywXQChmZmZmZmYYEmRhc2hfYmFzZWxpbmVfMV92MREAdegHZeidAQA&_nc_zt=28&oh=00_AfWIAml_lnW6z6cDMDrUgzbigveTvbJa9SmzmRXSR-llYA&oe=68953D40,13,1 week ago
30,video,https://scontent-iad3-1.cdninstagram.com/o1/v/t2/f2/m78/AQPKS-KCXa9XMdCovxzriTw_wiNqOB8Xskhka5SJP0X4TpvfCfUC119Rg1DJsyXGYDxKqUbW3UhjxUxz9r1UXEXCQdV49jctDy_SYx8.mp4?_nc_cat=110&_nc_sid=5e9851&_nc_ht=scontent-iad3-1.cdninstagram.com&_nc_ohc=USmnq2fVLHoQ7kNvwHqnzU6&efg=eyJ2ZW5jb2RlX3RhZyI6Inhwdl9wcm9ncmVzc2l2ZS5JTlNUQUdSQU0uU1RPUlkuQzMuNzIwLmRhc2hfYmFzZWxpbmVfMV92MSIsInhwdl9hc3NldF9pZCI6MTQyODg3Mjg2ODMxODMzOCwidmlfdXNlY2FzZV9pZCI6MTAxMDAsImR1cmF0aW9uX3MiOjUsInVybGdlbl9zb3VyY2UiOiJ3d3cifQ%3D%3D&ccb=17-1&vs=676a22167de90932&_nc_vs=HBksFQIYUWlnX3hwdl9wbGFjZW1lbnRfcGVybWFuZW50X3YyLzkyNEE5NEFEQTU1MEQ4M0IyMkNDNzJENzc1RDk0MzlDX3ZpZGVvX2Rhc2hpbml0Lm1wNBUAAsgBEgAVAhg6cGFzc3Rocm91Z2hfZXZlcnN0b3JlL0dCVHJIQl9Fa0pENHgyVURBT1E3a3ZEdG9RUWNicGt3QUFBRhUCAsgBEgAoABgAGwKIB3VzZV9vaWwBMRJwcm9ncmVzc2l2ZV9yZWNpcGUBMRUAACaEsva7rOOJBRUCKAJDMywXQBgAAAAAAAAYEmRhc2hfYmFzZWxpbmVfMV92MREAdegHZeidAQA&_nc_gid=h2KCs9Kai5lSsQUSTRsULw&_nc_zt=28&oh=00_AfWVhGNXEEkamkpUiGBa4N1kW9Z-9trzaDK2XxTbzDoFbw&oe=6895245F,6,1 week ago
31,video,https://scontent-iad3-2.cdninstagram.com/o1/v/t2/f2/m78/AQMTxWQp-x90Vc0vvELQacW0ZtqRqhSknNcYFRRCOAf1Fw5Fws6Z_uLxWa9JA8DOgEpe9D-9FZ1BxAlwHDd7Txn4FyXLIkiMWHL4kLU.mp4?_nc_cat=105&_nc_sid=5e9851&_nc_ht=scontent-iad3-2.cdninstagram.com&_nc_ohc=BT1TSmK_wkoQ7kNvwHN1VB8&efg=eyJ2ZW5jb2RlX3RhZyI6Inhwdl9wcm9ncmVzc2l2ZS5JTlNUQUdSQU0uU1RPUlkuQzMuNzIwLmRhc2hfYmFzZWxpbmVfMV92MSIsInhwdl9hc3NldF9pZCI6NzUwMzgzMTk3OTQzOTU1LCJ2aV91c2VjYXNlX2lkIjoxMDEwMCwiZHVyYXRpb25fcyI6MTgsInVybGdlbl9zb3VyY2UiOiJ3d3cifQ%3D%3D&ccb=17-1&vs=e4592ee91215a49a&_nc_vs=HBksFQIYUWlnX3hwdl9wbGFjZW1lbnRfcGVybWFuZW50X3YyL0ZENDEwNDkxQTkzNDg0RTUwNTNEOTY1MTcwRThBQTk1X3ZpZGVvX2Rhc2hpbml0Lm1wNBUAAsgBEgAVAhg6cGFzc3Rocm91Z2hfZXZlcnN0b3JlL0dGcWRIUjhoQm0yOG5ZTUVBQ3dGd01nYW5IMGdicGt3QUFBRhUCAsgBEgAoABgAGwKIB3VzZV9vaWwBMRJwcm9ncmVzc2l2ZV9yZWNpcGUBMRUAACam4qu_hp7VAhUCKAJDMywXQDK7peNT988YEmRhc2hfYmFzZWxpbmVfMV92MREAdegHZeidAQA&_nc_gid=h2KCs9Kai5lSsQUSTRsULw&_nc_zt=28&oh=00_AfViGM1uKpr5KSr8Wfc9PB__ucNG0Hj-6px6bIn2tClSCw&oe=689513EE,19,1 week ago
32,video,https://scontent-iad3-2.cdninstagram.com/o1/v/t2/f2/m78/AQMKtLvyrMHOi_lM0XnZ-BBw-C_Lnb63uebPHBgjNdAfzhZm1TPketzRc78WKmgXgvdCYtEBx5eLfRRU98tyQHqdYAPDlNzTHTHL0N4.mp4?_nc_cat=106&_nc_sid=5e9851&_nc_ht=scontent-iad3-2.cdninstagram.com&_nc_ohc=yShZiJHFvCEQ7kNvwEtuOPD&efg=eyJ2ZW5jb2RlX3RhZyI6Inhwdl9wcm9ncmVzc2l2ZS5JTlNUQUdSQU0uU1RPUlkuQzMuNzIwLmRhc2hfYmFzZWxpbmVfMV92MSIsInhwdl9hc3NldF9pZCI6NTk1MTcwNDY2NzcxOTE4LCJ2aV91c2VjYXNlX2lkIjoxMDEwMCwiZHVyYXRpb25fcyI6OSwid2F0Y2hfdGltZV9zIjoxMzYsInVybGdlbl9zb3VyY2UiOiJ3d3cifQ%3D%3D&ccb=17-1&vs=bacbbb0752cafe7f&_nc_vs=HBksFQIYUWlnX3hwdl9wbGFjZW1lbnRfcGVybWFuZW50X3YyLzhBNDlCQzgxODZFQTczNTMxMTk2MkY3MkVGNzRCMTkxX3ZpZGVvX2Rhc2hpbml0Lm1wNBUAAsgBEgAVAhg6cGFzc3Rocm91Z2hfZXZlcnN0b3JlL0dNbnpIQl90OTNkRU52c0pBR0FjeGNjZzU0RjNicGt3QUFBRhUCAsgBEgAoABgAGwKIB3VzZV9vaWwBMRJwcm9ncmVzc2l2ZV9yZWNpcGUBMRUAACacz4XEvdOOAhUCKAJDMywXQCLqfvnbItEYEmRhc2hfYmFzZWxpbmVfMV92MREAdegHZeidAQA&_nc_gid=h2KCs9Kai5lSsQUSTRsULw&_nc_zt=28&oh=00_AfVzBvkD6ZOOTK73zetnEKQGcdegIbYAbIoK83f_utE31g&oe=68951517,10,1 week ago
33,image,https://scontent-iad3-2.cdninstagram.com/v/t51.2885-15/523917488_18017244887756196_5257670715143750470_n.jpg?stp=dst-jpg_e35_tt6&efg=eyJ2ZW5jb2RlX3RhZyI6IlNUT1JZLmltYWdlX3VybGdlbi4xMTI1eDIwMDAuc2RyLmY4Mjc4Ny5kZWZhdWx0X2ltYWdlLmMyIn0&_nc_ht=scontent-iad3-2.cdninstagram.com&_nc_cat=100&_nc_oc=Q6cZ2QEayO9GXvsdg6Z3FML7ktngaEV9F1rLa-evLxhkrvctKlr74eN8jlwovCN69i9STP4&_nc_ohc=_YTXFjY5kKQQ7kNvwE8BSbb&_nc_gid=h2KCs9Kai5lSsQUSTRsULw&edm=ANmP7GQBAAAA&ccb=7-5&ig_cache_key=MzY4NDY5Nzc0NDYxNTY4MjA2NQ%3D%3D.3-ccb7-5&oh=00_AfWpk0rLZfTZxbg3ES1h6YROsMigjMJGo3Ex9n7EHoOSJA&oe=689933E1&_nc_sid=982cc7,0,1 week ago
34,image,https://scontent-iad3-2.cdninstagram.com/v/t51.2885-15/523917488_18017244887756196_5257670715143750470_n.jpg?stp=dst-jpg_e35_tt6&efg=eyJ2ZW5jb2RlX3RhZyI6IlNUT1JZLmltYWdlX3VybGdlbi4xMTI1eDIwMDAuc2RyLmY4Mjc4Ny5kZWZhdWx0X2ltYWdlLmMyIn0&_nc_ht=scontent-iad3-2.cdninstagram.com&_nc_cat=100&_nc_oc=Q6cZ2QEayO9GXvsdg6Z3FML7ktngaEV9F1rLa-evLxhkrvctKlr74eN8jlwovCN69i9STP4&_nc_ohc=_YTXFjY5kKQQ7kNvwE8BSbb&_nc_gid=h2KCs9Kai5lSsQUSTRsULw&edm=ANmP7GQBAAAA&ccb=7-5&ig_cache_key=MzY4NDY5Nzc0NDYxNTY4MjA2NQ%3D%3D.3-ccb7-5&oh=00_AfWpk0rLZfTZxbg3ES1h6YROsMigjMJGo3Ex9n7EHoOSJA&oe=689933E1&_nc_sid=982cc7&dl=1,0,1 week ago
35,video,https://scontent-iad3-1.cdninstagram.com/o1/v/t2/f2/m78/AQPLiGNn2JHpRcXfDFyDmVtIcKJIhzOH68Hd20cJ0CtXCsU42Qjq9eQoygzDwqJ6LCsi5PbR-_HNyqKFE1sHytsFkFec-eVhrrFEztU.mp4?_nc_cat=108&_nc_sid=5e9851&_nc_ht=scontent-iad3-1.cdninstagram.com&_nc_ohc=3pP5YF8iw5sQ7kNvwGejfzp&efg=eyJ2ZW5jb2RlX3RhZyI6Inhwdl9wcm9ncmVzc2l2ZS5JTlNUQUdSQU0uU1RPUlkuQzMuNzIwLmRhc2hfYmFzZWxpbmVfMV92MSIsInhwdl9hc3NldF9pZCI6MTQ5MTM5NzUzODY5NjMyNiwidmlfdXNlY2FzZV9pZCI6MTAxMDAsImR1cmF0aW9uX3MiOjYsInVybGdlbl9zb3VyY2UiOiJ3d3cifQ%3D%3D&ccb=17-1&vs=27cfcf05f001002b&_nc_vs=HBksFQIYUWlnX3hwdl9wbGFjZW1lbnRfcGVybWFuZW50X3YyLzJGNDQ2QjA2OUQ4N0MyNDM3RjJCOTY4MDRGN0IxMTlEX3ZpZGVvX2Rhc2hpbml0Lm1wNBUAAsgBEgAVAhg6cGFzc3Rocm91Z2hfZXZlcnN0b3JlL0dOUEVIQjloRHlZSnVvc0VBRFBnUkU2blo1Vi1icGt3QUFBRhUCAsgBEgAoABgAGwKIB3VzZV9vaWwBMRJwcm9ncmVzc2l2ZV9yZWNpcGUBMRUAACaMsprI4ZqmBRUCKAJDMywXQBuZmZmZmZoYEmRhc2hfYmFzZWxpbmVfMV92MREAdegHZeidAQA&_nc_zt=28&oh=00_AfWdXf9GChpj3nN1O8n73LE-GR4t7YEJNWy6G25hNJW55w&oe=68954151,7,1 week ago
36,video,https://scontent-iad3-1.cdninstagram.com/o1/v/t2/f2/m78/AQP1L9BeTNaTusUCWgM-2JwqmKGKOb2MQF3kmso_P3u5ZU1FUnEXJyCk6iOFz7mRuz8T63HCFiEZUQEbE6JUErw9SA1WF8Asogut57w.mp4?_nc_cat=109&_nc_sid=5e9851&_nc_ht=scontent-iad3-1.cdninstagram.com&_nc_ohc=wcPAzrqG0AMQ7kNvwGirWuy&efg=eyJ2ZW5jb2RlX3RhZyI6Inhwdl9wcm9ncmVzc2l2ZS5JTlNUQUdSQU0uU1RPUlkuQzMuNzIwLmRhc2hfYmFzZWxpbmVfMV92MSIsInhwdl9hc3NldF9pZCI6OTU5ODYxMDA2MjEyNDM1LCJ2aV91c2VjYXNlX2lkIjoxMDgyNiwiZHVyYXRpb25fcyI6MTAsInVybGdlbl9zb3VyY2UiOiJ3d3cifQ%3D%3D&ccb=17-1&vs=60012af42c734619&_nc_vs=HBksFQIYUWlnX3hwdl9wbGFjZW1lbnRfcGVybWFuZW50X3YyLzkwNDA0MEJGMkMzN0M5NDA3QkZGRjk4RjdCQ0ZCQkEwX3ZpZGVvX2Rhc2hpbml0Lm1wNBUAAsgBEgAVAhg6cGFzc3Rocm91Z2hfZXZlcnN0b3JlL0dQMFNJUjg0Y0pNdEtsSUVBR09mWVd3NHRzZG9icGt3QUFBRhUCAsgBEgAoABgAGwKIB3VzZV9vaWwBMRJwcm9ncmVzc2l2ZV9yZWNpcGUBMRUAACam9fjkob-0AxUCKAJDMywXQCUeuFHrhR8YEmRhc2hfYmFzZWxpbmVfMV92MREAdegHZZSpAQA&_nc_gid=h2KCs9Kai5lSsQUSTRsULw&_nc_zt=28&oh=00_AfWx7r3nmmmuRkQVGOMoVStkUCUwDqLozqUpctPVJ79Xgw&oe=689519E6,11,1 week ago
37,video,https://scontent-iad3-1.cdninstagram.com/o1/v/t2/f2/m78/AQOUwXh0VHfI-yUFFcqiIsv3zo6Mr7ks6GaPOQBL_IdsZC_NpKHTayUxDpQjjLL-Pev76HfBwM7tixuI1i_7MYLlo5twomHi6ToQiu4.mp4?_nc_cat=101&_nc_sid=5e9851&_nc_ht=scontent-iad3-1.cdninstagram.com&_nc_ohc=PRfQz7uf59UQ7kNvwHG6E7M&efg=eyJ2ZW5jb2RlX3RhZyI6Inhwdl9wcm9ncmVzc2l2ZS5JTlNUQUdSQU0uU1RPUlkuQzMuNzIwLmRhc2hfYmFzZWxpbmVfMV92MSIsInhwdl9hc3NldF9pZCI6MTg1MjMwNjE1ODY2MTI2MiwidmlfdXNlY2FzZV9pZCI6MTAxMDAsImR1cmF0aW9uX3MiOjksInVybGdlbl9zb3VyY2UiOiJ3d3cifQ%3D%3D&ccb=17-1&vs=393eaf894e6a8bf&_nc_vs=HBksFQIYUWlnX3hwdl9wbGFjZW1lbnRfcGVybWFuZW50X3YyLzE4NERFRDRGOTAyMEQ2RUY3Q0ZDQjQxN0ExMDRGRkJDX3ZpZGVvX2Rhc2hpbml0Lm1wNBUAAsgBEgAVAhg6cGFzc3Rocm91Z2hfZXZlcnN0b3JlL0dFUmJOUjhLSllaQVJ4aFhBSGRtZ2tyUExiNEJicGt3QUFBRhUCAsgBEgAoABgAGwKIB3VzZV9vaWwBMRJwcm9ncmVzc2l2ZV9yZWNpcGUBMRUAACacutGptKrKBhUCKAJDMywXQCJAAAAAAAAYEmRhc2hfYmFzZWxpbmVfMV92MREAdegHZeidAQA&_nc_zt=28&oh=00_AfVStS0hhsVm-4rj-ZC6Chmh5g_B_VEkXetDKwq4VK-rTQ&oe=68953266,10,1 week ago
38,video,https://scontent-iad3-2.cdninstagram.com/o1/v/t2/f2/m78/AQPHPFA0O3xK5y0bAO_3O6UgKMsOf1QJF8s6yT0BTCN-xnDSnWIDds2sVdQ6mm0I0Dc3J3Nzzawy_D8U6fS85DDYoYS76gKrLSme3I8.mp4?_nc_cat=111&_nc_sid=5e9851&_nc_ht=scontent-iad3-2.cdninstagram.com&_nc_ohc=e2eSVDLB_I0Q7kNvwESm9K-&efg=eyJ2ZW5jb2RlX3RhZyI6Inhwdl9wcm9ncmVzc2l2ZS5JTlNUQUdSQU0uU1RPUlkuQzMuNzIwLmRhc2hfYmFzZWxpbmVfMV92MSIsInhwdl9hc3NldF9pZCI6Mzc2MjAwNjU0NzQzNDE5MCwidmlfdXNlY2FzZV9pZCI6MTAxMDAsImR1cmF0aW9uX3MiOjExLCJ1cmxnZW5fc291cmNlIjoid3d3In0%3D&ccb=17-1&vs=20fc5e12d625100c&_nc_vs=HBksFQIYUWlnX3hwdl9wbGFjZW1lbnRfcGVybWFuZW50X3YyLzk2NDYzMUM2MEI2QkEwQTc3QjgzRDJBMTgxNTAxMEJGX3ZpZGVvX2Rhc2hpbml0Lm1wNBUAAsgBEgAVAhg6cGFzc3Rocm91Z2hfZXZlcnN0b3JlL0dKcndEQjhpR1c3OHl2TURBR3ZnVDI2eURmVnVicGt3QUFBRhUCAsgBEgAoABgAGwKIB3VzZV9vaWwBMRJwcm9ncmVzc2l2ZV9yZWNpcGUBMRUAACacq7j-zOGuDRUCKAJDMywXQCeU_fO2RaIYEmRhc2hfYmFzZWxpbmVfMV92MREAdegHZeidAQA&_nc_gid=h2KCs9Kai5lSsQUSTRsULw&_nc_zt=28&oh=00_AfWS0PJLwyOZTuI1fXHSxLVArJp2LygblaTC0W5bZW5MZQ&oe=68952F6C,12,1 week ago
39,video,https://scontent-iad3-1.cdninstagram.com/o1/v/t2/f2/m78/AQNV1SBFarTSy6oTqYWfrHuJxXo0rXEDpY7Qn--SubrELvytg7ismyVC_uj7cizt_Wg9uAVx4R3loOMgkXjyB98hcGooeBl-9xWY104.mp4?_nc_cat=104&_nc_sid=5e9851&_nc_ht=scontent-iad3-1.cdninstagram.com&_nc_ohc=1eXJo8CpkT0Q7kNvwFQ1nPa&efg=eyJ2ZW5jb2RlX3RhZyI6Inhwdl9wcm9ncmVzc2l2ZS5JTlNUQUdSQU0uU1RPUlkuQzMuNzIwLmRhc2hfYmFzZWxpbmVfMV92MSIsInhwdl9hc3NldF9pZCI6NzI1MzUwMzAwMjkxOTk3LCJ2aV91c2VjYXNlX2lkIjoxMDEwMCwiZHVyYXRpb25fcyI6NDYsInVybGdlbl9zb3VyY2UiOiJ3d3cifQ%3D%3D&ccb=17-1&vs=2269757814d9c730&_nc_vs=HBksFQIYUWlnX3hwdl9wbGFjZW1lbnRfcGVybWFuZW50X3YyL0FDNDIwNTNDMEJGOTg4QjEyMzZEQkEzNzQ3RjRFREIxX3ZpZGVvX2Rhc2hpbml0Lm1wNBUAAsgBEgAVAhg6cGFzc3Rocm91Z2hfZXZlcnN0b3JlL0dIWXBQaDlDUzdlLVlkNERBTjNyRlNBd252TjNicGt3QUFBRhUCAsgBEgAoABgAGwKIB3VzZV9vaWwBMRJwcm9ncmVzc2l2ZV9yZWNpcGUBMRUAACa6zuTv-OzJAhUCKAJDMywXQEcan752yLQYEmRhc2hfYmFzZWxpbmVfMV92MREAdegHZeidAQA&_nc_gid=h2KCs9Kai5lSsQUSTRsULw&_nc_zt=28&oh=00_AfVTkLfwp4knjXRuJP4vKV66w8dHO4S6Vz7FFQu1zVM0_A&oe=68952B75,47,1 week ago
40,video,https://scontent-iad3-1.cdninstagram.com/o1/v/t2/f2/m78/AQMKdPfQuFSj_0OToZxY9Tlt46JVD-jdLoIt2WUQQOwkWjYjBmrpfVUNpd_T0cDTD8X9nSO23S35Ki-Af0YUBJnRdm46dMsoju80ZM4.mp4?_nc_cat=110&_nc_sid=5e9851&_nc_ht=scontent-iad3-1.cdninstagram.com&_nc_ohc=ud_05AAnoToQ7kNvwFobzrL&efg=eyJ2ZW5jb2RlX3RhZyI6Inhwdl9wcm9ncmVzc2l2ZS5JTlNUQUdSQU0uU1RPUlkuQzMuNzIwLmRhc2hfYmFzZWxpbmVfMV92MSIsInhwdl9hc3NldF9pZCI6NzcxMjY1MzYyMTI1MzE0LCJ2aV91c2VjYXNlX2lkIjoxMDEwMCwiZHVyYXRpb25fcyI6MjQsInVybGdlbl9zb3VyY2UiOiJ3d3cifQ%3D%3D&ccb=17-1&vs=29738f13c64d998d&_nc_vs=HBksFQIYUWlnX3hwdl9wbGFjZW1lbnRfcGVybWFuZW50X3YyL0M1NDZDRTc4OTAzOThBNkUzNjRDREY0Njk5NkYxMzg0X3ZpZGVvX2Rhc2hpbml0Lm1wNBUAAsgBEgAVAhg6cGFzc3Rocm91Z2hfZXZlcnN0b3JlL0dMem9IQi1kMDc2c3R5b0ZBSzE5NVlDN1dHTm1icGt3QUFBRhUCAsgBEgAoABgAGwKIB3VzZV9vaWwBMRJwcm9ncmVzc2l2ZV9yZWNpcGUBMRUAACaEiP_ext3eAhUCKAJDMywXQDgzMzMzMzMYEmRhc2hfYmFzZWxpbmVfMV92MREAdegHZeidAQA&_nc_zt=28&oh=00_AfU2di6WlkxMGArBrJ_kgOrdPJLM7alXQG3NfvXASyUZig&oe=68953B3B,25,1 week ago
41,video,https://scontent-iad3-2.cdninstagram.com/o1/v/t2/f2/m78/AQMEhWbzVAQqHw2cVMxtfieNg99Q7BvLevNeVDzIvGyMvMqvqcsOgzwIMKUAuPH8sB2dAoljyBl_07duavXViAmZVj98USWQRttxi-U.mp4?_nc_cat=111&_nc_sid=5e9851&_nc_ht=scontent-iad3-2.cdninstagram.com&_nc_ohc=cIlvuDE77yIQ7kNvwHUowLf&efg=eyJ2ZW5jb2RlX3RhZyI6Inhwdl9wcm9ncmVzc2l2ZS5JTlNUQUdSQU0uU1RPUlkuQzMuNzIwLmRhc2hfYmFzZWxpbmVfMV92MSIsInhwdl9hc3NldF9pZCI6MTM4OTkyODgyNTM5NzA3MSwidmlfdXNlY2FzZV9pZCI6MTAxMDAsImR1cmF0aW9uX3MiOjI2LCJ1cmxnZW5fc291cmNlIjoid3d3In0%3D&ccb=17-1&vs=f56331e6cd707842&_nc_vs=HBksFQIYUWlnX3hwdl9wbGFjZW1lbnRfcGVybWFuZW50X3YyLzJDNDgxNTY2NDg3ODBENTdDNjQyMTQ5MDkwRkZENTk1X3ZpZGVvX2Rhc2hpbml0Lm1wNBUAAsgBEgAVAhg6cGFzc3Rocm91Z2hfZXZlcnN0b3JlL0dHNVNReF9RRDM2VjhRZ0VBQ1FpOTJtZG5Jb3hicGt3QUFBRhUCAsgBEgAoABgAGwKIB3VzZV9vaWwBMRJwcm9ncmVzc2l2ZV9yZWNpcGUBMRUAACae_bTewIj4BBUCKAJDMywXQDo1P3ztkWgYEmRhc2hfYmFzZWxpbmVfMV92MREAdegHZeidAQA&_nc_zt=28&oh=00_AfVm5KiGT5tweNUJdVMy-8tnZnQQh6wwNkADtSHE-W1JpA&oe=689517E8,27,1 week ago
42,video,https://scontent-iad3-1.cdninstagram.com/o1/v/t2/f2/m78/AQOjGD1y0nDVKY62Tnws0AWf0E-zAzlEY0LSEPbW-yLgXvGk6ib2cN-vuUUtZXGTXFtwb5kWzlUx4ND-aIT6bZAShCgOrdLxUmH76oQ.mp4?_nc_cat=107&_nc_sid=5e9851&_nc_ht=scontent-iad3-1.cdninstagram.com&_nc_ohc=BsUFj9mxiXUQ7kNvwEOOwqf&efg=eyJ2ZW5jb2RlX3RhZyI6Inhwdl9wcm9ncmVzc2l2ZS5JTlNUQUdSQU0uU1RPUlkuQzMuNzIwLmRhc2hfYmFzZWxpbmVfMV92MSIsInhwdl9hc3NldF9pZCI6NzQ0NDEwNzcxOTAzMzczLCJ2aV91c2VjYXNlX2lkIjoxMDEwMCwiZHVyYXRpb25fcyI6MzYsInVybGdlbl9zb3VyY2UiOiJ3d3cifQ%3D%3D&ccb=17-1&vs=9d07d787c838a15d&_nc_vs=HBksFQIYUWlnX3hwdl9wbGFjZW1lbnRfcGVybWFuZW50X3YyLzQzNDBDODE4RjNBMkRCQjRCNEY1QUE2NTNDMkIwOThCX3ZpZGVvX2Rhc2hpbml0Lm1wNBUAAsgBEgAVAhg6cGFzc3Rocm91Z2hfZXZlcnN0b3JlL0dOT3FRUjlqYkRmUUpzUUNBQloxODFKdWVud1dicGt3QUFBRhUCAsgBEgAoABgAGwKIB3VzZV9vaWwBMRJwcm9ncmVzc2l2ZV9yZWNpcGUBMRUAACaazoK6tMLSAhUCKAJDMywXQEJqn752yLQYEmRhc2hfYmFzZWxpbmVfMV92MREAdegHZeidAQA&_nc_zt=28&oh=00_AfUhX9y8UBpCd7xwWW8f3Hie5eIntlNu53vVnU2M3cGl0w&oe=68952568,37,1 week ago
43,video,https://scontent-iad3-1.cdninstagram.com/o1/v/t2/f2/m78/AQMkPwnRhFR7Un4JyY3qHB9WzCYxJfPwI9u8NgE0qw2CA6xOB6ljlipPGu4G-OSuN5T1DWS0Ti7vqjj-Zdvg14roPZLjzGBt4SYIRQk.mp4?_nc_cat=104&_nc_sid=5e9851&_nc_ht=scontent-iad3-1.cdninstagram.com&_nc_ohc=sBTXWixC9wAQ7kNvwEqxZj_&efg=eyJ2ZW5jb2RlX3RhZyI6Inhwdl9wcm9ncmVzc2l2ZS5JTlNUQUdSQU0uU1RPUlkuQzMuNzIwLmRhc2hfYmFzZWxpbmVfMV92MSIsInhwdl9hc3NldF9pZCI6MTk1OTA3ODEzMTUyNzEwNCwidmlfdXNlY2FzZV9pZCI6MTAxMDAsImR1cmF0aW9uX3MiOjEzLCJ1cmxnZW5fc291cmNlIjoid3d3In0%3D&ccb=17-1&vs=c40896805a5aaa75&_nc_vs=HBksFQIYUWlnX3hwdl9wbGFjZW1lbnRfcGVybWFuZW50X3YyL0ZGNEZCMjdFMTZFNTMyRDFGNTgyMjkyQzBFNEY3M0JCX3ZpZGVvX2Rhc2hpbml0Lm1wNBUAAsgBEgAVAhg6cGFzc3Rocm91Z2hfZXZlcnN0b3JlL0dNTk5GaDktQ2NWQnVKNEVBS29FTmYwX1U4c01icGt3QUFBRhUCAsgBEgAoABgAGwKIB3VzZV9vaWwBMRJwcm9ncmVzc2l2ZV9yZWNpcGUBMRUAACaAt-_BrfH6BhUCKAJDMywXQCseuFHrhR8YEmRhc2hfYmFzZWxpbmVfMV92MREAdegHZeidAQA&_nc_zt=28&oh=00_AfUlKk9piw-E3gyJ1yJmj8_TNXHcntE6sHIJXe0hlpcFzQ&oe=68953D55,14,1 week ago
44,video,https://scontent-iad3-2.cdninstagram.com/o1/v/t2/f2/m78/AQMFojykL8dcWDdbFipYkJF9Fmjgokk4V5l5foJLMxqiqr0sAUmtULj_GLCKL2jREAfTbDzjs_dWX9UeVfcSrughRocoI34n7eH6a38.mp4?_nc_cat=100&_nc_sid=5e9851&_nc_ht=scontent-iad3-2.cdninstagram.com&_nc_ohc=OBtdVPcBVkkQ7kNvwGiQg7Z&efg=eyJ2ZW5jb2RlX3RhZyI6Inhwdl9wcm9ncmVzc2l2ZS5JTlNUQUdSQU0uU1RPUlkuQzMuNzIwLmRhc2hfYmFzZWxpbmVfMV92MSIsInhwdl9hc3NldF9pZCI6NjA3Mzk3OTA1NzcwNDQyLCJ2aV91c2VjYXNlX2lkIjoxMDEwMCwiZHVyYXRpb25fcyI6MTgsInVybGdlbl9zb3VyY2UiOiJ3d3cifQ%3D%3D&ccb=17-1&vs=e953490ec85fb10&_nc_vs=HBksFQIYUWlnX3hwdl9wbGFjZW1lbnRfcGVybWFuZW50X3YyLzc1NEFBN0U2RkU5NzZERjIwQTExM0VDNTFGQTBGMDgzX3ZpZGVvX2Rhc2hpbml0Lm1wNBUAAsgBEgAVAhg6cGFzc3Rocm91Z2hfZXZlcnN0b3JlL0dDcE1NUl9lTWhoMGlZc0NBTTVZNS1vODZ4Y0ZicGt3QUFBRhUCAsgBEgAoABgAGwKIB3VzZV9vaWwBMRJwcm9ncmVzc2l2ZV9yZWNpcGUBMRUAACaUn8mGm5uUAhUCKAJDMywXQDJHrhR64UgYEmRhc2hfYmFzZWxpbmVfMV92MREAdegHZeidAQA&_nc_gid=h2KCs9Kai5lSsQUSTRsULw&_nc_zt=28&oh=00_AfUhPC-Jle_MGMXELhVw56ob_a7mRXUJpkZQEyqpOliXfw&oe=689534AD,19,1 week ago
45,video,https://scontent-iad3-2.cdninstagram.com/o1/v/t2/f2/m78/AQOy1Wd_1oLrZ0z0Yryo5kuXCA4GHo7O1TjXoB13W0Rj8w8BGx98XqDv4gn_j_9mHXS7SwqI569ioim7MJoa-gr6HtvV9LiB681WBBM.mp4?_nc_cat=100&_nc_sid=5e9851&_nc_ht=scontent-iad3-2.cdninstagram.com&_nc_ohc=zAIV22VlgXIQ7kNvwGf8QVw&efg=eyJ2ZW5jb2RlX3RhZyI6Inhwdl9wcm9ncmVzc2l2ZS5JTlNUQUdSQU0uU1RPUlkuQzMuNzIwLmRhc2hfYmFzZWxpbmVfMV92MSIsInhwdl9hc3NldF9pZCI6MzA3ODI0ODkxODEzNjQ5NzIsInZpX3VzZWNhc2VfaWQiOjEwMTAwLCJkdXJhdGlvbl9zIjo1LCJ1cmxnZW5fc291cmNlIjoid3d3In0%3D&ccb=17-1&vs=2d4bbc25e8cf09ee&_nc_vs=HBksFQIYUWlnX3hwdl9wbGFjZW1lbnRfcGVybWFuZW50X3YyL0VGNDEyREI5NDU3NzVBRDY0NjNBRDM4OTc2OTE2REE1X3ZpZGVvX2Rhc2hpbml0Lm1wNBUAAsgBEgAVAhg6cGFzc3Rocm91Z2hfZXZlcnN0b3JlL0dEMG9TUjg3RW43ekRqa0ZBQ3QyNFRTUGlaQnBicGt3QUFBRhUCAsgBEgAoABgAGwKIB3VzZV9vaWwBMRJwcm9ncmVzc2l2ZV9yZWNpcGUBMRUAACbYi6nP2KCubRUCKAJDMywXQBSp--dsi0QYEmRhc2hfYmFzZWxpbmVfMV92MREAdegHZeidAQA&_nc_zt=28&oh=00_AfVgpVFLWAH_rQ3-uqxIodGG-BLmSyrpwuMitZ4VRHLzQw&oe=68953F21,6,1 week ago
46,video,https://scontent-iad3-1.cdninstagram.com/o1/v/t2/f2/m78/AQN1AArARGuFY7Nral8WM5AtysgwC0cvKc9EpLp_qiGUGOMMPA26ep-hZ0kc8cFOXuev2juwJpISTEjrMG3XSPdYU4XZaZW_y4ueKO8.mp4?_nc_cat=101&_nc_sid=5e9851&_nc_ht=scontent-iad3-1.cdninstagram.com&_nc_ohc=msz1htwW-dEQ7kNvwEh1UGD&efg=eyJ2ZW5jb2RlX3RhZyI6Inhwdl9wcm9ncmVzc2l2ZS5JTlNUQUdSQU0uU1RPUlkuQzMuNzIwLmRhc2hfYmFzZWxpbmVfMV92MSIsInhwdl9hc3NldF9pZCI6MTM1NDg0Mzk2MjI0OTI4NywidmlfdXNlY2FzZV9pZCI6MTAxMDAsImR1cmF0aW9uX3MiOjIzLCJ1cmxnZW5fc291cmNlIjoid3d3In0%3D&ccb=17-1&vs=a2fe579857dbecc7&_nc_vs=HBksFQIYUWlnX3hwdl9wbGFjZW1lbnRfcGVybWFuZW50X3YyL0MwNDQ1MkZGRTBDQThGNjk0NzFGM0IyNDM5MjJGN0FDX3ZpZGVvX2Rhc2hpbml0Lm1wNBUAAsgBEgAVAhg6cGFzc3Rocm91Z2hfZXZlcnN0b3JlL0dFbzdVQjhPN1h3UVp6TUhBQ3hpTVhOLUJMMWJicGt3QUFBRhUCAsgBEgAoABgAGwKIB3VzZV9vaWwBMRJwcm9ncmVzc2l2ZV9yZWNpcGUBMRUAACaOwcSRpo7oBBUCKAJDMywXQDeIcrAgxJwYEmRhc2hfYmFzZWxpbmVfMV92MREAdegHZeidAQA&_nc_zt=28&oh=00_AfUQKsjIudrxvJNg7M8h-Gn2lIvH8uHSechS50zBQHmd5A&oe=6895442E,24,1 week ago
47,video,https://scontent-iad3-1.cdninstagram.com/o1/v/t2/f2/m367/AQMWSsxQgVwMaWsYe5Lxdpc7WlygtVivbCnS6oAuPOxjZzDuGPeAgM2W1gr_bcibzP1klcYdstaQofQF1t1WSVyswMCqugujf131gsY.mp4?_nc_cat=104&_nc_sid=5e9851&_nc_ht=scontent-iad3-1.cdninstagram.com&_nc_ohc=Tpr-Dn4v2bkQ7kNvwEhG1AK&efg=eyJ2ZW5jb2RlX3RhZyI6Inhwdl9wcm9ncmVzc2l2ZS5JTlNUQUdSQU0uU1RPUlkuQzMuMTA3OC5kYXNoX2Jhc2VsaW5lXzEwODBwX3YxIiwieHB2X2Fzc2V0X2lkIjozMjM4ODY3NTg5NTk4Njk3LCJ2aV91c2VjYXNlX2lkIjoxMDEwMCwiZHVyYXRpb25fcyI6MTUsInVybGdlbl9zb3VyY2UiOiJ3d3cifQ%3D%3D&ccb=17-1&vs=ad8ccbc8986cde9&_nc_vs=HBksFQIYQGlnX2VwaGVtZXJhbC9DNTRGQzA1Qzc3NEFDNDM4MDhGMTI4OTkzOTA0RTRCQV92aWRlb19kYXNoaW5pdC5tcDQVAALIARIAFQIYOnBhc3N0aHJvdWdoX2V2ZXJzdG9yZS9HT3J4SEI4TkNrX1FhWVlPQUx0dF9FZWR0STgyYnBrd0FBQUYVAgLIARIAKAAYABsCiAd1c2Vfb2lsATEScHJvZ3Jlc3NpdmVfcmVjaXBlATEVAAAm0re4gvTuwAsVAigCQzMsF0AuAAAAAAAAGBZkYXNoX2Jhc2VsaW5lXzEwODBwX3YxEQB16Adl6J0BAA&_nc_zt=28&oh=00_AfX4lF4O5B9MCS00mFybnKu5NYAfLV8jDYPi_ZLKER47lg&oe=68991955,15,1 week ago
48,image,https://scontent-iad3-2.cdninstagram.com/v/t51.2885-15/523951502_18017447597756196_3672300797912140376_n.jpg?stp=dst-jpg_e35_tt6&efg=eyJ2ZW5jb2RlX3RhZyI6IlNUT1JZLmltYWdlX3VybGdlbi4xMTI1eDIwMDAuc2RyLmY4Mjc4Ny5kZWZhdWx0X2ltYWdlLmMyIn0&_nc_ht=scontent-iad3-2.cdninstagram.com&_nc_cat=100&_nc_oc=Q6cZ2QEayO9GXvsdg6Z3FML7ktngaEV9F1rLa-evLxhkrvctKlr74eN8jlwovCN69i9STP4&_nc_ohc=e67aVDheUswQ7kNvwHAzNfj&_nc_gid=h2KCs9Kai5lSsQUSTRsULw&edm=ANmP7GQBAAAA&ccb=7-5&ig_cache_key=MzY4NTkwNjUyMjU4Nzc0MTYwNQ%3D%3D.3-ccb7-5&oh=00_AfXu36VCA6b7amJNyCwfNSuDnu2uEu30mo6iQxxQ9YH3AA&oe=68993E69&_nc_sid=982cc7,0,1 week ago
49,video,https://scontent-iad3-2.cdninstagram.com/o1/v/t2/f2/m78/AQPfec735DrMUwgIoOneqImPkYBRzvj6DJ_Mqw4paC_xBKDMoL5x46KJb4U_fb7KucjzxFDQfCyfaublzthBCZkz2x9d4G-Ss7BKi68.mp4?_nc_cat=103&_nc_sid=5e9851&_nc_ht=scontent-iad3-2.cdninstagram.com&_nc_ohc=mJs8P35Mcv0Q7kNvwGyGXnk&efg=eyJ2ZW5jb2RlX3RhZyI6Inhwdl9wcm9ncmVzc2l2ZS5JTlNUQUdSQU0uU1RPUlkuQzMuNzIwLmRhc2hfYmFzZWxpbmVfMV92MSIsInhwdl9hc3NldF9pZCI6Nzc3MzU5OTc0ODU3MTg3LCJ2aV91c2VjYXNlX2lkIjoxMDEwMCwiZHVyYXRpb25fcyI6NywidXJsZ2VuX3NvdXJjZSI6Ind3dyJ9&ccb=17-1&vs=ac7bbc89492cff7b&_nc_vs=HBksFQIYUWlnX3hwdl9wbGFjZW1lbnRfcGVybWFuZW50X3YyL0E2NDI3RDU5OUE1MThFNDVBRjBGNDQ0MTFBQkIwQzgyX3ZpZGVvX2Rhc2hpbml0Lm1wNBUAAsgBEgAVAhg6cGFzc3Rocm91Z2hfZXZlcnN0b3JlL0dGai1NUjlwZVdIeDVLMENBQmszMHZuaTBuODFicGt3QUFBRhUCAsgBEgAoABgAGwKIB3VzZV9vaWwBMRJwcm9ncmVzc2l2ZV9yZWNpcGUBMRUAACbG58-Sp8DhAhUCKAJDMywXQBwp--dsi0QYEmRhc2hfYmFzZWxpbmVfMV92MREAdegHZeidAQA&_nc_gid=h2KCs9Kai5lSsQUSTRsULw&_nc_zt=28&oh=00_AfU7iYzUc3Bl_RvTFkWDN6XbViEHofftjQH2FAE4NHhm9w&oe=68951588,8,1 week ago
50,image,https://scontent-iad3-2.cdninstagram.com/v/t51.2885-15/524416998_18017474138756196_5397201192501879232_n.jpg?stp=dst-jpg_e35_tt6&efg=eyJ2ZW5jb2RlX3RhZyI6IlNUT1JZLmltYWdlX3VybGdlbi4xMTI1eDIwMDAuc2RyLmY4Mjc4Ny5kZWZhdWx0X2ltYWdlLmMyIn0&_nc_ht=scontent-iad3-2.cdninstagram.com&_nc_cat=100&_nc_oc=Q6cZ2QEayO9GXvsdg6Z3FML7ktngaEV9F1rLa-evLxhkrvctKlr74eN8jlwovCN69i9STP4&_nc_ohc=dUVnxKLmGvEQ7kNvwEyIhbe&_nc_gid=h2KCs9Kai5lSsQUSTRsULw&edm=ANmP7GQBAAAA&ccb=7-5&ig_cache_key=MzY4NjAzNjkxODczNDM5NzU3OQ%3D%3D.3-ccb7-5&oh=00_AfWYD5brUx_jIBuZsMEO3imkzgEDUMsU0aEOoQvsSK61tQ&oe=689911A4&_nc_sid=982cc7,0,1 week ago
51,image,https://scontent-iad3-2.cdninstagram.com/v/t51.2885-15/524416998_18017474138756196_5397201192501879232_n.jpg?stp=dst-jpg_e35_tt6&efg=eyJ2ZW5jb2RlX3RhZyI6IlNUT1JZLmltYWdlX3VybGdlbi4xMTI1eDIwMDAuc2RyLmY4Mjc4Ny5kZWZhdWx0X2ltYWdlLmMyIn0&_nc_ht=scontent-iad3-2.cdninstagram.com&_nc_cat=100&_nc_oc=Q6cZ2QEayO9GXvsdg6Z3FML7ktngaEV9F1rLa-evLxhkrvctKlr74eN8jlwovCN69i9STP4&_nc_ohc=dUVnxKLmGvEQ7kNvwEyIhbe&_nc_gid=h2KCs9Kai5lSsQUSTRsULw&edm=ANmP7GQBAAAA&ccb=7-5&ig_cache_key=MzY4NjAzNjkxODczNDM5NzU3OQ%3D%3D.3-ccb7-5&oh=00_AfWYD5brUx_jIBuZsMEO3imkzgEDUMsU0aEOoQvsSK61tQ&oe=689911A4&_nc_sid=982cc7&dl=1,0,1 week ago
52,image,https://scontent-iad3-2.cdninstagram.com/v/t51.2885-15/524220797_18017475332756196_1640021045890760220_n.jpg?stp=dst-jpg_e35_tt6&efg=eyJ2ZW5jb2RlX3RhZyI6IlNUT1JZLmltYWdlX3VybGdlbi4xMTI1eDIwMDAuc2RyLmY4Mjc4Ny5kZWZhdWx0X2ltYWdlLmMyIn0&_nc_ht=scontent-iad3-2.cdninstagram.com&_nc_cat=100&_nc_oc=Q6cZ2QEayO9GXvsdg6Z3FML7ktngaEV9F1rLa-evLxhkrvctKlr74eN8jlwovCN69i9STP4&_nc_ohc=jOGbYQimq_UQ7kNvwHMzQ3X&_nc_gid=h2KCs9Kai5lSsQUSTRsULw&edm=ANmP7GQBAAAA&ccb=7-5&ig_cache_key=MzY4NjA0MTk3NTkzMzYwMjI1Nw%3D%3D.3-ccb7-5&oh=00_AfWOFJ2bxKsF5ErMCN95LRUX3u4qMzRp-ipi3LDgSYbgmA&oe=689924E5&_nc_sid=982cc7&dl=1,0,1 week ago
53,image,https://scontent-iad3-2.cdninstagram.com/v/t51.2885-15/524314716_18017484269756196_8626707719832845160_n.jpg?stp=dst-jpg_e35_tt6&efg=eyJ2ZW5jb2RlX3RhZyI6IlNUT1JZLmltYWdlX3VybGdlbi4xMTI1eDIwMDAuc2RyLmY4Mjc4Ny5kZWZhdWx0X2ltYWdlLmMyIn0&_nc_ht=scontent-iad3-2.cdninstagram.com&_nc_cat=100&_nc_oc=Q6cZ2QEayO9GXvsdg6Z3FML7ktngaEV9F1rLa-evLxhkrvctKlr74eN8jlwovCN69i9STP4&_nc_ohc=XDtzzZbaaXQQ7kNvwEm7Gma&_nc_gid=h2KCs9Kai5lSsQUSTRsULw&edm=ANmP7GQBAAAA&ccb=7-5&ig_cache_key=MzY4NjA4NDI2MDcyNTMwODIzMQ%3D%3D.3-ccb7-5&oh=00_AfW0A7Xym0Hdds5AJK-lz19ByOxCHw_-vawzvdyvJuLjjw&oe=68992D27&_nc_sid=982cc7&dl=1,0,1 week ago
54,image,https://scontent-iad3-2.cdninstagram.com/v/t51.2885-15/524670124_18017484323756196_3460868929371659697_n.jpg?stp=dst-jpg_e35_tt6&efg=eyJ2ZW5jb2RlX3RhZyI6IlNUT1JZLmltYWdlX3VybGdlbi4xMTI1eDIwMDAuc2RyLmY4Mjc4Ny5kZWZhdWx0X2ltYWdlLmMyIn0&_nc_ht=scontent-iad3-2.cdninstagram.com&_nc_cat=100&_nc_oc=Q6cZ2QEayO9GXvsdg6Z3FML7ktngaEV9F1rLa-evLxhkrvctKlr74eN8jlwovCN69i9STP4&_nc_ohc=kQcYcD_hXhwQ7kNvwH0JWrD&_nc_gid=h2KCs9Kai5lSsQUSTRsULw&edm=ANmP7GQBAAAA&ccb=7-5&ig_cache_key=MzY4NjA4NDQwNDc3NDU1OTYwMg%3D%3D.3-ccb7-5&oh=00_AfW0Akbr4fL6Cm7bKosoxBrXzGYpCJn3VFx9sUkTT7DMWQ&oe=68993A05&_nc_sid=982cc7&dl=1,0,1 week ago
55,image,https://scontent-iad3-2.cdninstagram.com/v/t51.2885-15/523953426_18017484866756196_7442338293699460553_n.jpg?stp=dst-jpg_e35_tt6&efg=eyJ2ZW5jb2RlX3RhZyI6IlNUT1JZLmltYWdlX3VybGdlbi4xMTI1eDIwMDAuc2RyLmY4Mjc4Ny5kZWZhdWx0X2ltYWdlLmMyIn0&_nc_ht=scontent-iad3-2.cdninstagram.com&_nc_cat=100&_nc_oc=Q6cZ2QEayO9GXvsdg6Z3FML7ktngaEV9F1rLa-evLxhkrvctKlr74eN8jlwovCN69i9STP4&_nc_ohc=pHMURcVKAIgQ7kNvwEoYDed&_nc_gid=h2KCs9Kai5lSsQUSTRsULw&edm=ANmP7GQBAAAA&ccb=7-5&ig_cache_key=MzY4NjA4NjU2NjkyOTg5OTc3MA%3D%3D.3-ccb7-5&oh=00_AfVmtBjrAz1QxyEkVxHuS-xM0lhtZmw4pSKYM9J-QadAag&oe=689923E0&_nc_sid=982cc7&dl=1,0,1 week ago
56,image,https://scontent-iad3-2.cdninstagram.com/v/t51.2885-15/524298016_18017484911756196_4780503300941407030_n.jpg?stp=dst-jpg_e35_tt6&efg=eyJ2ZW5jb2RlX3RhZyI6IlNUT1JZLmltYWdlX3VybGdlbi4xMTI1eDIwMDAuc2RyLmY4Mjc4Ny5kZWZhdWx0X2ltYWdlLmMyIn0&_nc_ht=scontent-iad3-2.cdninstagram.com&_nc_cat=100&_nc_oc=Q6cZ2QEayO9GXvsdg6Z3FML7ktngaEV9F1rLa-evLxhkrvctKlr74eN8jlwovCN69i9STP4&_nc_ohc=vmh12jVIeksQ7kNvwHAdfnB&_nc_gid=h2KCs9Kai5lSsQUSTRsULw&edm=ANmP7GQBAAAA&ccb=7-5&ig_cache_key=MzY4NjA4Njc2ODI3MzMzNTE5OA%3D%3D.3-ccb7-5&oh=00_AfXgJfAo7JCVROxLiTVaYZnkiwbv6GPFpvpCyc0ClKG-cA&oe=68990BBB&_nc_sid=982cc7&dl=1,0,1 week ago
57,image,https://scontent-iad3-2.cdninstagram.com/v/t51.2885-15/524534125_18017484941756196_8954890150851582274_n.jpg?stp=dst-jpg_e35_tt6&efg=eyJ2ZW5jb2RlX3RhZyI6IlNUT1JZLmltYWdlX3VybGdlbi4xMTI1eDIwMDAuc2RyLmY4Mjc4Ny5kZWZhdWx0X2ltYWdlLmMyIn0&_nc_ht=scontent-iad3-2.cdninstagram.com&_nc_cat=100&_nc_oc=Q6cZ2QEayO9GXvsdg6Z3FML7ktngaEV9F1rLa-evLxhkrvctKlr74eN8jlwovCN69i9STP4&_nc_ohc=WkdN_tdR8QsQ7kNvwEwUzE2&_nc_gid=h2KCs9Kai5lSsQUSTRsULw&edm=ANmP7GQBAAAA&ccb=7-5&ig_cache_key=MzY4NjA4Njk1MDQ4MjEyMTUzMg%3D%3D.3-ccb7-5&oh=00_AfUL1smnL9m3SHzJkOwdBrGDb8Pa_nhCA5DD_2Cfb0k7LQ&oe=68990D32&_nc_sid=982cc7&dl=1,0,1 week ago
58,video,https://scontent-iad3-1.cdninstagram.com/o1/v/t2/f2/m78/AQN1TGRYKQnQX6bXak-ITRr01Ot0MALTmY0ad5-aymrCsEEMZWldr1p5-V524tOwPsocaSiRw5zdPRueX0hDBkLJVWXNPSxNUMuJAV0.mp4?_nc_cat=104&_nc_sid=5e9851&_nc_ht=scontent-iad3-1.cdninstagram.com&_nc_ohc=KmWcPOxeM8MQ7kNvwHjP3jr&efg=eyJ2ZW5jb2RlX3RhZyI6Inhwdl9wcm9ncmVzc2l2ZS5JTlNUQUdSQU0uU1RPUlkuQzMuNzIwLmRhc2hfYmFzZWxpbmVfMV92MSIsInhwdl9hc3NldF9pZCI6MjQwMTE2NjI4OTE4MTAxMDMsInZpX3VzZWNhc2VfaWQiOjEwMTAwLCJkdXJhdGlvbl9zIjoyOSwidXJsZ2VuX3NvdXJjZSI6Ind3dyJ9&ccb=17-1&vs=7e683d2a515a1216&_nc_vs=HBksFQIYUWlnX3hwdl9wbGFjZW1lbnRfcGVybWFuZW50X3YyLzIwNDBGREMyQTU5RjJCMjYxNDJBRjFFNTE5RTc4NjgxX3ZpZGVvX2Rhc2hpbml0Lm1wNBUAAsgBEgAVAhg6cGFzc3Rocm91Z2hfZXZlcnN0b3JlL0dHT3hIQjh6Q0tBZ0YwZ0NBTzBnbEJtNGNXbzdicGt3QUFBRhUCAsgBEgAoABgAGwKIB3VzZV9vaWwBMRJwcm9ncmVzc2l2ZV9yZWNpcGUBMRUAACbu9I_S3Z6nVRUCKAJDMywXQD3KfvnbItEYEmRhc2hfYmFzZWxpbmVfMV92MREAdegHZeidAQA&_nc_zt=28&oh=00_AfX6Aqia2OHntYqTVxqK9dQfLnMBRMxYmWrCXm5ydt82og&oe=68952AE1,30,1 week ago
59,video,https://scontent-iad3-1.cdninstagram.com/o1/v/t2/f2/m78/AQNu69kWPqvzYAwSeoN0TWhk2Ez8ZoZkCv0zrBQ7B7EYsQ2TxDFrZjGN7kq7HDNCbIz8NdsW2mdI8DYSVox_v0djqc8JQ9hN_cnX6dI.mp4?_nc_cat=109&_nc_sid=5e9851&_nc_ht=scontent-iad3-1.cdninstagram.com&_nc_ohc=7B_MWQbk9OIQ7kNvwEv5efR&efg=eyJ2ZW5jb2RlX3RhZyI6Inhwdl9wcm9ncmVzc2l2ZS5JTlNUQUdSQU0uU1RPUlkuQzMuNzIwLmRhc2hfYmFzZWxpbmVfMV92MSIsInhwdl9hc3NldF9pZCI6MTQ0MTc5NTUyMDM5NDAyOSwidmlfdXNlY2FzZV9pZCI6MTAxMDAsImR1cmF0aW9uX3MiOjI2LCJ1cmxnZW5fc291cmNlIjoid3d3In0%3D&ccb=17-1&vs=400756076af26df&_nc_vs=HBksFQIYUWlnX3hwdl9wbGFjZW1lbnRfcGVybWFuZW50X3YyL0FCNDc0OTUzMjU1QTMxQTdBRDZFQjFGRURFRDBFOEI0X3ZpZGVvX2Rhc2hpbml0Lm1wNBUAAsgBEgAVAhg6cGFzc3Rocm91Z2hfZXZlcnN0b3JlL0dBczZWeDhESlpwaFlpSUZBTDJNQnVlOWhmNXRicGt3QUFBRhUCAsgBEgAoABgAGwKIB3VzZV9vaWwBMRJwcm9ncmVzc2l2ZV9yZWNpcGUBMRUAACbazKfdxdOPBRUCKAJDMywXQDqqfvnbItEYEmRhc2hfYmFzZWxpbmVfMV92MREAdegHZeidAQA&_nc_zt=28&oh=00_AfX1IwtBQv8tHCVPMiTGiTL8UvrqNp_8RUB5frui-U177g&oe=68954A4A,27,1 week ago
60,video,https://scontent-iad3-1.cdninstagram.com/o1/v/t2/f2/m78/AQMkznRtYIOH-LmL7nrlRUCutz8tXZpCp6tas5zqTjHfsJetL3u1Yc3Iuhp_fZmtDfecqhWV5DARoNusLuEVDf-XpW6HWhOnjvvddA8.mp4?_nc_cat=104&_nc_sid=5e9851&_nc_ht=scontent-iad3-1.cdninstagram.com&_nc_ohc=CiwTsSiEn9sQ7kNvwH9wkIc&efg=eyJ2ZW5jb2RlX3RhZyI6Inhwdl9wcm9ncmVzc2l2ZS5JTlNUQUdSQU0uU1RPUlkuQzMuNzIwLmRhc2hfYmFzZWxpbmVfMV92MSIsInhwdl9hc3NldF9pZCI6NjE5MDAyNDg3OTI3MTcwLCJ2aV91c2VjYXNlX2lkIjoxMDEwMCwiZHVyYXRpb25fcyI6NDAsInVybGdlbl9zb3VyY2UiOiJ3d3cifQ%3D%3D&ccb=17-1&vs=85a7170b8a14a270&_nc_vs=HBksFQIYUWlnX3hwdl9wbGFjZW1lbnRfcGVybWFuZW50X3YyLzVBNEVFNUZEOThFMDg3RDkxOTFDOTlCMzkxOTVBMDhFX3ZpZGVvX2Rhc2hpbml0Lm1wNBUAAsgBEgAVAhg6cGFzc3Rocm91Z2hfZXZlcnN0b3JlL0dHQkJWeC1IV2JsX25mTUdBT1lVcGU5eDE3UTlicGt3QUFBRhUCAsgBEgAoABgAGwKIB3VzZV9vaWwBMRJwcm9ncmVzc2l2ZV9yZWNpcGUBMRUAACaExsP2176ZAhUCKAJDMywXQERgAAAAAAAYEmRhc2hfYmFzZWxpbmVfMV92MREAdegHZeidAQA&_nc_zt=28&oh=00_AfVqPRiNdXr5f8w07Mb1T9raBR1V2JGjZu0_mbmG8RnOVg&oe=689530C5,41,1 week ago
61,video,https://scontent-iad3-2.cdninstagram.com/o1/v/t2/f2/m78/AQOvvzyFD-PNjxhgU3jjCVPzzICmtF7zUeP84yZQw7SesJW_XDvn91WF0szShT7VwmsFXUhbcHkeLOJlNbgW5nUC3Bz4TCZl4M7cE_U.mp4?_nc_cat=103&_nc_sid=5e9851&_nc_ht=scontent-iad3-2.cdninstagram.com&_nc_ohc=h5fqB0JF0I4Q7kNvwFc46OE&efg=eyJ2ZW5jb2RlX3RhZyI6Inhwdl9wcm9ncmVzc2l2ZS5JTlNUQUdSQU0uU1RPUlkuQzMuNzIwLmRhc2hfYmFzZWxpbmVfMV92MSIsInhwdl9hc3NldF9pZCI6MTQ5NjYxNjEwODM2MTYzNiwidmlfdXNlY2FzZV9pZCI6MTAxMDAsImR1cmF0aW9uX3MiOjQsInVybGdlbl9zb3VyY2UiOiJ3d3cifQ%3D%3D&ccb=17-1&vs=a0d0d300314c47a5&_nc_vs=HBksFQIYUWlnX3hwdl9wbGFjZW1lbnRfcGVybWFuZW50X3YyL0RDNEI5REU1QUI1MDI4QkQzRjE1QTNDRDlDMkIyQUIyX3ZpZGVvX2Rhc2hpbml0Lm1wNBUAAsgBEgAVAhg6cGFzc3Rocm91Z2hfZXZlcnN0b3JlL0dBT0ZSQjgtRlc2RVo2b09BTlliVWVNS24xSW9icGt3QUFBRhUCAsgBEgAoABgAGwKIB3VzZV9vaWwBMRJwcm9ncmVzc2l2ZV9yZWNpcGUBMRUAACbInoj4wsqoBRUCKAJDMywXQBOAAAAAAAAYEmRhc2hfYmFzZWxpbmVfMV92MREAdegHZeidAQA&_nc_zt=28&oh=00_AfVzENbs2c-Lac_ewki5VzhBQ9tfuuqBDUikp7_Fz1N3bw&oe=68952C18,5,1 week ago
62,video,https://scontent-iad3-1.cdninstagram.com/o1/v/t2/f2/m78/AQOlMFLLaTSxAp8I-SSUYTju3VJd21oCpagq01dWXpbLHey7X26n9ZlOOoIcN8MWQQzNey534sg3XgT8jURfnrR4liD4LG9C9XS8jHM.mp4?_nc_cat=101&_nc_sid=5e9851&_nc_ht=scontent-iad3-1.cdninstagram.com&_nc_ohc=XxEcih1LuB4Q7kNvwEdnapz&efg=eyJ2ZW5jb2RlX3RhZyI6Inhwdl9wcm9ncmVzc2l2ZS5JTlNUQUdSQU0uU1RPUlkuQzMuNzIwLmRhc2hfYmFzZWxpbmVfMV92MSIsInhwdl9hc3NldF9pZCI6NzY2MTAzMjcyNTc2NzQwLCJ2aV91c2VjYXNlX2lkIjoxMDEwMCwiZHVyYXRpb25fcyI6NSwidXJsZ2VuX3NvdXJjZSI6Ind3dyJ9&ccb=17-1&vs=50676f4bd52a5297&_nc_vs=HBksFQIYUWlnX3hwdl9wbGFjZW1lbnRfcGVybWFuZW50X3YyL0IxNEI5NTEyNzYzMjZCNDU2M0JEMDcyN0E4NkI1RDkwX3ZpZGVvX2Rhc2hpbml0Lm1wNBUAAsgBEgAVAhg6cGFzc3Rocm91Z2hfZXZlcnN0b3JlL0dPM19NeDl3UE5vb1RHUUNBUDBvWEJUd1JFUVdicGt3QUFBRhUCAsgBEgAoABgAGwKIB3VzZV9vaWwBMRJwcm9ncmVzc2l2ZV9yZWNpcGUBMRUAACbI2-KWirHcAhUCKAJDMywXQBap--dsi0QYEmRhc2hfYmFzZWxpbmVfMV92MREAdegHZeidAQA&_nc_zt=28&oh=00_AfUFhPIZC5L1Awj5p0aD9XSXRgw1KNUFwCuDxmVT6cEGvw&oe=6895384A,6,1 week ago
63,video,https://scontent-iad3-1.cdninstagram.com/o1/v/t2/f2/m78/AQPE7w1J3mcYz3PywMXxTxSzlQgLsYXc0m6u13l3ETu8Zio9bXgc0FvxqwTy26PD_Q7AMA8vYzp-l4iAzYqxq4uYy0G2DNQz0aVfCiw.mp4?_nc_cat=108&_nc_sid=5e9851&_nc_ht=scontent-iad3-1.cdninstagram.com&_nc_ohc=MtKmhiMZaucQ7kNvwH-BWao&efg=eyJ2ZW5jb2RlX3RhZyI6Inhwdl9wcm9ncmVzc2l2ZS5JTlNUQUdSQU0uU1RPUlkuQzMuNzIwLmRhc2hfYmFzZWxpbmVfMV92MSIsInhwdl9hc3NldF9pZCI6NzgyMDY4NzE3ODI1MjgxLCJ2aV91c2VjYXNlX2lkIjoxMDEwMCwiZHVyYXRpb25fcyI6MTEsInVybGdlbl9zb3VyY2UiOiJ3d3cifQ%3D%3D&ccb=17-1&vs=71bb01f142a580a7&_nc_vs=HBksFQIYUWlnX3hwdl9wbGFjZW1lbnRfcGVybWFuZW50X3YyLzIyNEVEM0ZBQkUzQUYxQzI1MjU5RkQyQTRCQTAwNThGX3ZpZGVvX2Rhc2hpbml0Lm1wNBUAAsgBEgAVAhg6cGFzc3Rocm91Z2hfZXZlcnN0b3JlL0dLMnJPUjhUZFRKMVB2UUJBRVdIQklYTXZkbG1icGt3QUFBRhUCAsgBEgAoABgAGwKIB3VzZV9vaWwBMRJwcm9ncmVzc2l2ZV9yZWNpcGUBMRUAACaCtO2BstLjAhUCKAJDMywXQCfU_fO2RaIYEmRhc2hfYmFzZWxpbmVfMV92MREAdegHZeidAQA&_nc_zt=28&oh=00_AfVdasqsZ240EE6AfOL0WiGz9r4443htdUiHWtAjKFZrxQ&oe=68954889,12,1 week ago
64,video,https://scontent-iad3-1.cdninstagram.com/o1/v/t2/f2/m78/AQMnVSsUUs0GtiYSCuYjJD8NfT3UJwx4txQsjmj84tDOApzaxJtGtSePcXjEQ86J6xI1kf8ZM01jWMJIL_uGDFZhRCgWxoLesmkfnAk.mp4?_nc_cat=102&_nc_sid=5e9851&_nc_ht=scontent-iad3-1.cdninstagram.com&_nc_ohc=kvPXNxj0XWsQ7kNvwEH7rcv&efg=eyJ2ZW5jb2RlX3RhZyI6Inhwdl9wcm9ncmVzc2l2ZS5JTlNUQUdSQU0uU1RPUlkuQzMuNzIwLmRhc2hfYmFzZWxpbmVfMV92MSIsInhwdl9hc3NldF9pZCI6MjUyMzE5OTEyNDczMDM3OSwidmlfdXNlY2FzZV9pZCI6MTAxMDAsImR1cmF0aW9uX3MiOjEyLCJ1cmxnZW5fc291cmNlIjoid3d3In0%3D&ccb=17-1&vs=1f111528680c0232&_nc_vs=HBksFQIYUWlnX3hwdl9wbGFjZW1lbnRfcGVybWFuZW50X3YyL0ZFNDBDQTNFRTE1Q0ZFODFBNTBFNENGQzVEQzc4RUFGX3ZpZGVvX2Rhc2hpbml0Lm1wNBUAAsgBEgAVAhg6cGFzc3Rocm91Z2hfZXZlcnN0b3JlL0dPRkpWeC1WOUhEOElpUUZBUHVUcFdSa0ZLQlVicGt3QUFBRhUCAsgBEgAoABgAGwKIB3VzZV9vaWwBMRJwcm9ncmVzc2l2ZV9yZWNpcGUBMRUAACaWyLe4wrX7CBUCKAJDMywXQCmU_fO2RaIYEmRhc2hfYmFzZWxpbmVfMV92MREAdegHZeidAQA&_nc_zt=28&oh=00_AfXcD3WDQVSrgq5aVKxpSpaNwqnhP9xB0xlx_DYBxFo52g&oe=689544E3,13,1 week ago
65,video,https://scontent-iad3-1.cdninstagram.com/o1/v/t2/f2/m78/AQNtLH0JjnzUh_TUnsPEXKuoDS9t4Qkil53ymFkcHl0syP67r_5_xCSXmXE9pvPCQLsC5ME7UPpGEZvCN6O1ox_HpJJAk_K-p4UHCoo.mp4?_nc_cat=104&_nc_sid=5e9851&_nc_ht=scontent-iad3-1.cdninstagram.com&_nc_ohc=7STzGxRrv8UQ7kNvwG5BR_U&efg=eyJ2ZW5jb2RlX3RhZyI6Inhwdl9wcm9ncmVzc2l2ZS5JTlNUQUdSQU0uU1RPUlkuQzMuNzIwLmRhc2hfYmFzZWxpbmVfMV92MSIsInhwdl9hc3NldF9pZCI6NjU5MjIyMDAwNTA3MTg2LCJ2aV91c2VjYXNlX2lkIjoxMDEwMCwiZHVyYXRpb25fcyI6NDcsInVybGdlbl9zb3VyY2UiOiJ3d3cifQ%3D%3D&ccb=17-1&vs=3bc23246a1e0c04a&_nc_vs=HBksFQIYUWlnX3hwdl9wbGFjZW1lbnRfcGVybWFuZW50X3YyLzZDNEQ0OUEzQzUxMUZCQUJCMzc0QURFQUEwOUEzOUI4X3ZpZGVvX2Rhc2hpbml0Lm1wNBUAAsgBEgAVAhg6cGFzc3Rocm91Z2hfZXZlcnN0b3JlL0dKU0RKeC1BYkQwRzhna0VBUFNfNVZYYkt1RlRicGt3QUFBRhUCAsgBEgAoABgAGwKIB3VzZV9vaWwBMRJwcm9ncmVzc2l2ZV9yZWNpcGUBMRUAACbk5NjS4uOrAhUCKAJDMywXQEeQAAAAAAAYEmRhc2hfYmFzZWxpbmVfMV92MREAdegHZeidAQA&_nc_zt=28&oh=00_AfXZYagOQ3yahGH6NM4L9Tp6jdcVZHaRRt-96NuhPjmKoQ&oe=68951879,48,1 week ago
66,image,https://scontent-iad3-2.cdninstagram.com/v/t51.2885-15/524850056_18017662235756196_5297229710896667230_n.jpg?stp=dst-jpg_e35_tt6&efg=eyJ2ZW5jb2RlX3RhZyI6IlNUT1JZLmltYWdlX3VybGdlbi4xMTI1eDIwMDAuc2RyLmY4Mjc4Ny5kZWZhdWx0X2ltYWdlLmMyIn0&_nc_ht=scontent-iad3-2.cdninstagram.com&_nc_cat=100&_nc_oc=Q6cZ2QEayO9GXvsdg6Z3FML7ktngaEV9F1rLa-evLxhkrvctKlr74eN8jlwovCN69i9STP4&_nc_ohc=26E2cxOXJvYQ7kNvwG3izdS&_nc_gid=h2KCs9Kai5lSsQUSTRsULw&edm=ANmP7GQBAAAA&ccb=7-5&ig_cache_key=MzY4NzI1MTUwODA4ODUwMTI0Mw%3D%3D.3-ccb7-5&oh=00_AfUBrqiaU6wmkEGAjcXvrFaA0kEOBnoIsg9ssQgON41g8g&oe=68990E28&_nc_sid=982cc7,0,1 week ago
